{
  "minecraft:recipes/building_blocks/slabs/smooth_stone_slab": {
    "criteria": {
      "has_block": "2021-06-25 16:18:15 +0000",
      "has_slab": "2021-06-25 16:18:15 +0000"
    },
    "done": true
  },
  "minecraft:recipes/building_blocks/slabs/red_nether_brick_slab": {
    "criteria": {
      "has_block": "2021-06-25 16:18:15 +0000",
      "has_slab": "2021-06-25 16:18:15 +0000"
    },
    "done": true
  },
  "minecraft:recipes/building_blocks/slabs/polished_andesite_slab": {
    "criteria": {
      "has_block": "2021-06-25 16:18:15 +0000",
      "has_slab": "2021-06-25 16:18:15 +0000"
    },
    "done": true
  },
  "minecraft:recipes/building_blocks/slabs/polished_diorite_slab": {
    "criteria": {
      "has_block": "2021-06-25 16:18:15 +0000",
      "has_slab": "2021-06-25 16:18:15 +0000"
    },
    "done": true
  },
  "powder_to_glass:recipes/misc/brown_stained_glass": {
    "criteria": {
      "has_powder": "2021-06-25 16:18:15 +0000"
    },
    "done": true
  },
  "minecraft:recipes/building_blocks/slabs/bread": {
    "criteria": {
      "has_item": "2021-06-25 16:18:15 +0000"
    },
    "done": true
  },
  "slabs_stairs_to_block:recipes/building_blocks/slabs/polished_andesite": {
    "criteria": {
      "has_slab": "2021-06-25 16:18:15 +0000"
    },
    "done": true
  },
  "slabs_stairs_to_block:recipes/building_blocks/stairs/birch_planks": {
    "criteria": {
      "has_stairs": "2021-06-25 16:18:15 +0000"
    },
    "done": true
  },
  "slabs_stairs_to_block:recipes/building_blocks/slabs/prismarine": {
    "criteria": {
      "has_slab": "2021-06-25 16:18:15 +0000"
    },
    "done": true
  },
  "powder_to_glass:recipes/misc/blue_stained_glass": {
    "criteria": {
      "has_powder": "2021-06-25 16:18:15 +0000"
    },
    "done": true
  },
  "slabs_stairs_to_block:recipes/building_blocks/slabs/andesite": {
    "criteria": {
      "has_slab": "2021-06-25 16:18:15 +0000"
    },
    "done": true
  },
  "slabs_stairs_to_block:recipes/building_blocks/slabs/cut_sandstone": {
    "criteria": {
      "has_slab": "2021-06-25 16:18:15 +0000"
    },
    "done": true
  },
  "slabs_stairs_to_block:recipes/building_blocks/stairs/smooth_quartz": {
    "criteria": {
      "has_stairs": "2021-06-25 16:18:15 +0000"
    },
    "done": true
  },
  "sandstone_dyeing:recipes/building_blocks/red_sand": {
    "criteria": {
      "has_dye": "2021-06-25 16:18:15 +0000",
      "has_block": "2021-06-25 16:18:15 +0000"
    },
    "done": true
  },
  "slabs_stairs_to_block:recipes/building_blocks/stairs/spruce_planks": {
    "criteria": {
      "has_stairs": "2021-06-25 16:18:15 +0000"
    },
    "done": true
  },
  "slabs_stairs_to_block:recipes/building_blocks/stairs/prismarine_bricks": {
    "criteria": {
      "has_stairs": "2021-06-25 16:18:15 +0000"
    },
    "done": true
  },
  "slabs_stairs_to_block:recipes/building_blocks/stairs/dark_prismarine": {
    "criteria": {
      "has_stairs": "2021-06-25 16:18:15 +0000"
    },
    "done": true
  },
  "powder_to_glass:recipes/misc/lime_stained_glass": {
    "criteria": {
      "has_powder": "2021-06-25 16:18:15 +0000"
    },
    "done": true
  },
  "slabs_stairs_to_block:recipes/building_blocks/slabs/stone_bricks": {
    "criteria": {
      "has_slab": "2021-06-25 16:18:15 +0000"
    },
    "done": true
  },
  "slabs_stairs_to_block:recipes/building_blocks/stairs/oak_planks": {
    "criteria": {
      "has_stairs": "2021-06-25 16:18:15 +0000"
    },
    "done": true
  },
  "uncraftable_ice:recipes/building_blocks/packed_ice": {
    "criteria": {
      "has_blue_ice": "2021-06-25 16:18:15 +0000"
    },
    "done": true
  },
  "slabs_stairs_to_block:recipes/building_blocks/stairs/cobblestone": {
    "criteria": {
      "has_stairs": "2021-06-25 16:18:15 +0000"
    },
    "done": true
  },
  "dropper_to_dispenser:recipes/building_blocks/dropper_to_dispenser/dispenser": {
    "criteria": {
      "has_block": "2021-06-25 16:18:15 +0000",
      "has_bow": "2021-06-25 16:18:15 +0000"
    },
    "done": true
  },
  "slabs_stairs_to_block:recipes/building_blocks/slabs/birch_planks": {
    "criteria": {
      "has_slab": "2021-06-25 16:18:15 +0000"
    },
    "done": true
  },
  "minecraft:recipes/redstone/redstone": {
    "criteria": {
      "has_redstone_block": "2021-06-25 16:18:15 +0000"
    },
    "done": true
  },
  "powder_to_glass:recipes/misc/red_stained_glass": {
    "criteria": {
      "has_powder": "2021-06-25 16:18:15 +0000"
    },
    "done": true
  },
  "armor_statues:enable": {
    "criteria": {
      "tick": "2021-06-25 16:17:18 +0000"
    },
    "done": true
  },
  "slabs_stairs_to_block:recipes/building_blocks/slabs/polished_granite": {
    "criteria": {
      "has_slab": "2021-06-25 16:18:15 +0000"
    },
    "done": true
  },
  "slabs_stairs_to_block:recipes/building_blocks/stairs/stone": {
    "criteria": {
      "has_stairs": "2021-06-25 16:18:15 +0000"
    },
    "done": true
  },
  "minecraft:recipes/building_blocks/slabs/diorite_slab": {
    "criteria": {
      "has_block": "2021-06-25 16:18:15 +0000",
      "has_slab": "2021-06-25 16:18:15 +0000"
    },
    "done": true
  },
  "minecraft:recipes/decorations/chest": {
    "criteria": {
      "has_lots_of_items": "2021-06-25 16:21:16 +0000"
    },
    "done": true
  },
  "minecraft:recipes/building_blocks/slabs/brick_slab": {
    "criteria": {
      "has_block": "2021-06-25 16:18:15 +0000",
      "has_slab": "2021-06-25 16:18:15 +0000"
    },
    "done": true
  },
  "powder_to_glass:recipes/misc/yellow_stained_glass": {
    "criteria": {
      "has_powder": "2021-06-25 16:18:15 +0000"
    },
    "done": true
  },
  "slabs_stairs_to_block:recipes/building_blocks/stairs/acacia_planks": {
    "criteria": {
      "has_stairs": "2021-06-25 16:18:15 +0000"
    },
    "done": true
  },
  "slabs_stairs_to_block:recipes/building_blocks/slabs/acacia_planks": {
    "criteria": {
      "has_slab": "2021-06-25 16:18:15 +0000"
    },
    "done": true
  },
  "powder_to_glass:recipes/misc/light_gray_stained_glass": {
    "criteria": {
      "has_powder": "2021-06-25 16:18:15 +0000"
    },
    "done": true
  },
  "vanillatweaks:armor_statues": {
    "criteria": {
      "tick": "2021-06-25 16:17:18 +0000"
    },
    "done": true
  },
  "slabs_stairs_to_block:recipes/building_blocks/stairs/stone_bricks": {
    "criteria": {
      "has_stairs": "2021-06-25 16:18:15 +0000"
    },
    "done": true
  },
  "sandstone_dyeing:recipes/building_blocks/red_sandstone": {
    "criteria": {
      "has_dye": "2021-06-25 16:18:15 +0000",
      "has_block": "2021-06-25 16:18:15 +0000"
    },
    "done": true
  },
  "minecraft:recipes/building_blocks/slabs/smooth_red_sandstone_slab": {
    "criteria": {
      "has_block": "2021-06-25 16:18:15 +0000",
      "has_slab": "2021-06-25 16:18:15 +0000"
    },
    "done": true
  },
  "slabs_stairs_to_block:recipes/building_blocks/slabs/smooth_stone": {
    "criteria": {
      "has_slab": "2021-06-25 16:18:15 +0000"
    },
    "done": true
  },
  "slabs_stairs_to_block:recipes/building_blocks/stairs/sandstone": {
    "criteria": {
      "has_stairs": "2021-06-25 16:18:15 +0000"
    },
    "done": true
  },
  "uncraftable_ice:recipes/building_blocks/ice": {
    "criteria": {
      "has_packed_ice": "2021-06-25 16:18:15 +0000"
    },
    "done": true
  },
  "vanillatweaks:more_mob_heads": {
    "criteria": {
      "tick": "2021-06-25 16:17:18 +0000"
    },
    "done": true
  },
  "slabs_stairs_to_block:recipes/building_blocks/slabs/smooth_sandstone": {
    "criteria": {
      "has_slab": "2021-06-25 16:18:15 +0000"
    },
    "done": true
  },
  "minecraft:recipes/transportation/spruce_boat": {
    "criteria": {
      "in_water": "2021-06-25 16:18:21 +0000"
    },
    "done": true
  },
  "minecraft:recipes/building_blocks/slabs/end_stone_brick_slab": {
    "criteria": {
      "has_block": "2021-06-25 16:18:15 +0000",
      "has_slab": "2021-06-25 16:18:15 +0000"
    },
    "done": true
  },
  "slabs_stairs_to_block:recipes/building_blocks/stairs/bricks": {
    "criteria": {
      "has_stairs": "2021-06-25 16:18:15 +0000"
    },
    "done": true
  },
  "slabs_stairs_to_block:recipes/building_blocks/slabs/granite": {
    "criteria": {
      "has_slab": "2021-06-25 16:18:15 +0000"
    },
    "done": true
  },
  "slabs_stairs_to_block:recipes/building_blocks/slabs/jungle_planks": {
    "criteria": {
      "has_slab": "2021-06-25 16:18:15 +0000"
    },
    "done": true
  },
  "slabs_stairs_to_block:recipes/building_blocks/slabs/dark_oak_planks": {
    "criteria": {
      "has_slab": "2021-06-25 16:18:15 +0000"
    },
    "done": true
  },
  "vanillatweaks:larger_phantoms": {
    "criteria": {
      "tick": "2021-06-25 16:17:18 +0000"
    },
    "done": true
  },
  "craftable_blackstone:recipes/building_blocks/coral/polished_blackstone": {
    "criteria": {
      "has_polished_blackstone": "2021-06-25 16:18:15 +0000"
    },
    "done": true
  },
  "minecraft:recipes/building_blocks/slabs/prismarine_brick_slab": {
    "criteria": {
      "has_block": "2021-06-25 16:18:15 +0000",
      "has_slab": "2021-06-25 16:18:15 +0000"
    },
    "done": true
  },
  "dropper_to_dispenser:recipes/building_blocks/dropper_to_dispenser/dispenser_alternate": {
    "criteria": {
      "has_string": "2021-06-25 16:18:15 +0000",
      "has_block": "2021-06-25 16:18:15 +0000",
      "has_stick": "2021-06-25 16:18:15 +0000"
    },
    "done": true
  },
  "vanillatweaks:double_shulker_shells": {
    "criteria": {
      "tick": "2021-06-25 16:17:18 +0000"
    },
    "done": true
  },
  "powder_to_glass:recipes/misc/gray_stained_glass": {
    "criteria": {
      "has_powder": "2021-06-25 16:18:15 +0000"
    },
    "done": true
  },
  "minecraft:recipes/building_blocks/slabs/andesite_slab": {
    "criteria": {
      "has_block": "2021-06-25 16:18:15 +0000",
      "has_slab": "2021-06-25 16:18:15 +0000"
    },
    "done": true
  },
  "slabs_stairs_to_block:recipes/building_blocks/stairs/purpur_block": {
    "criteria": {
      "has_stairs": "2021-06-25 16:18:15 +0000"
    },
    "done": true
  },
  "minecraft:recipes/building_blocks/slabs/cut_sandstone_slab": {
    "criteria": {
      "has_block": "2021-06-25 16:18:15 +0000",
      "has_slab": "2021-06-25 16:18:15 +0000"
    },
    "done": true
  },
  "minecraft:recipes/building_blocks/slabs/smooth_quartz_slab": {
    "criteria": {
      "has_block": "2021-06-25 16:18:15 +0000",
      "has_slab": "2021-06-25 16:18:15 +0000"
    },
    "done": true
  },
  "powder_to_glass:recipes/misc/black_stained_glass": {
    "criteria": {
      "has_powder": "2021-06-25 16:18:15 +0000"
    },
    "done": true
  },
  "minecraft:recipes/misc/bone_meal": {
    "criteria": {
      "has_bone": "2021-06-25 16:21:36 +0000"
    },
    "done": true
  },
  "minecraft:recipes/building_blocks/slabs/mossy_cobblestone_slab": {
    "criteria": {
      "has_block": "2021-06-25 16:18:15 +0000",
      "has_slab": "2021-06-25 16:18:15 +0000"
    },
    "done": true
  },
  "minecraft:recipes/building_blocks/slabs/mossy_stone_brick_slab": {
    "criteria": {
      "has_block": "2021-06-25 16:18:15 +0000",
      "has_slab": "2021-06-25 16:18:15 +0000"
    },
    "done": true
  },
  "slabs_stairs_to_block:recipes/building_blocks/slabs/oak_planks": {
    "criteria": {
      "has_slab": "2021-06-25 16:18:15 +0000"
    },
    "done": true
  },
  "minecraft:recipes/building_blocks/slabs/polished_granite_slab": {
    "criteria": {
      "has_block": "2021-06-25 16:18:15 +0000",
      "has_slab": "2021-06-25 16:18:15 +0000"
    },
    "done": true
  },
  "powder_to_glass:recipes/misc/light_blue_stained_glass": {
    "criteria": {
      "has_powder": "2021-06-25 16:18:15 +0000"
    },
    "done": true
  },
  "vanillatweaks:root": {
    "criteria": {
      "tick": "2021-06-25 16:17:18 +0000"
    },
    "done": true
  },
  "vanillatweaks:custom_nether_portals": {
    "criteria": {
      "tick": "2021-06-25 16:17:18 +0000"
    },
    "done": true
  },
  "slabs_stairs_to_block:recipes/building_blocks/stairs/smooth_sandstone": {
    "criteria": {
      "has_stairs": "2021-06-25 16:18:15 +0000"
    },
    "done": true
  },
  "minecraft:recipes/building_blocks/slabs/smooth_sandstone_slab": {
    "criteria": {
      "has_block": "2021-06-25 16:18:15 +0000",
      "has_slab": "2021-06-25 16:18:15 +0000"
    },
    "done": true
  },
  "sandstone_dyeing:recipes/building_blocks/smooth_red_sandstone": {
    "criteria": {
      "has_dye": "2021-06-25 16:18:15 +0000",
      "has_block": "2021-06-25 16:18:15 +0000"
    },
    "done": true
  },
  "vanillatweaks:afk_display": {
    "criteria": {
      "tick": "2021-06-25 16:17:18 +0000"
    },
    "done": true
  },
  "slabs_stairs_to_block:recipes/building_blocks/stairs/andesite": {
    "criteria": {
      "has_stairs": "2021-06-25 16:18:15 +0000"
    },
    "done": true
  },
  "minecraft:recipes/building_blocks/slabs/granite_slab": {
    "criteria": {
      "has_block": "2021-06-25 16:18:15 +0000",
      "has_slab": "2021-06-25 16:18:15 +0000"
    },
    "done": true
  },
  "slabs_stairs_to_block:recipes/building_blocks/slabs/end_stone_bricks": {
    "criteria": {
      "has_slab": "2021-06-25 16:18:15 +0000"
    },
    "done": true
  },
  "slabs_stairs_to_block:recipes/building_blocks/stairs/smooth_red_sandstone": {
    "criteria": {
      "has_stairs": "2021-06-25 16:18:15 +0000"
    },
    "done": true
  },
  "powder_to_glass:recipes/misc/purple_stained_glass": {
    "criteria": {
      "has_powder": "2021-06-25 16:18:15 +0000"
    },
    "done": true
  },
  "slabs_stairs_to_block:recipes/building_blocks/stairs/jungle_planks": {
    "criteria": {
      "has_stairs": "2021-06-25 16:18:15 +0000"
    },
    "done": true
  },
  "vanillatweaks:dragon_drops": {
    "criteria": {
      "tick": "2021-06-25 16:17:18 +0000"
    },
    "done": true
  },
  "slabs_stairs_to_block:recipes/building_blocks/slabs/smooth_red_sandstone": {
    "criteria": {
      "has_slab": "2021-06-25 16:18:15 +0000"
    },
    "done": true
  },
  "slabs_stairs_to_block:recipes/building_blocks/slabs/sandstone": {
    "criteria": {
      "has_slab": "2021-06-25 16:18:15 +0000"
    },
    "done": true
  },
  "powder_to_glass:recipes/misc/cyan_stained_glass": {
    "criteria": {
      "has_powder": "2021-06-25 16:18:15 +0000"
    },
    "done": true
  },
  "slabs_stairs_to_block:recipes/building_blocks/slabs/mossy_cobblestone": {
    "criteria": {
      "has_slab": "2021-06-25 16:18:15 +0000"
    },
    "done": true
  },
  "minecraft:recipes/building_blocks/slabs/dark_prismarine_slab": {
    "criteria": {
      "has_block": "2021-06-25 16:18:15 +0000",
      "has_slab": "2021-06-25 16:18:15 +0000"
    },
    "done": true
  },
  "slabs_stairs_to_block:recipes/building_blocks/slabs/stone": {
    "criteria": {
      "has_slab": "2021-06-25 16:18:15 +0000"
    },
    "done": true
  },
  "minecraft:recipes/building_blocks/slabs/prismarine_slab": {
    "criteria": {
      "has_block": "2021-06-25 16:18:15 +0000",
      "has_slab": "2021-06-25 16:18:15 +0000"
    },
    "done": true
  },
  "slabs_stairs_to_block:recipes/building_blocks/slabs/bricks": {
    "criteria": {
      "has_slab": "2021-06-25 16:18:15 +0000"
    },
    "done": true
  },
  "minecraft:adventure/kill_a_mob": {
    "criteria": {
      "minecraft:creeper": "2021-06-25 16:20:40 +0000"
    },
    "done": true
  },
  "minecraft:recipes/building_blocks/slabs/nether_brick_slab": {
    "criteria": {
      "has_block": "2021-06-25 16:18:15 +0000",
      "has_slab": "2021-06-25 16:18:15 +0000"
    },
    "done": true
  },
  "vanillatweaks:cauldron_concrete": {
    "criteria": {
      "tick": "2021-06-25 16:17:18 +0000"
    },
    "done": true
  },
  "vanillatweaks:fast_leaf_decay": {
    "criteria": {
      "tick": "2021-06-25 16:17:18 +0000"
    },
    "done": true
  },
  "slabs_stairs_to_block:recipes/building_blocks/stairs/red_sandstone": {
    "criteria": {
      "has_stairs": "2021-06-25 16:18:15 +0000"
    },
    "done": true
  },
  "coral_blocks:recipes/building_blocks/coral/fire_coral_block": {
    "criteria": {
      "has_fan": "2021-06-25 16:18:15 +0000",
      "has_coral": "2021-06-25 16:18:15 +0000"
    },
    "done": true
  },
  "slabs_stairs_to_block:recipes/building_blocks/stairs/red_nether_bricks": {
    "criteria": {
      "has_stairs": "2021-06-25 16:18:15 +0000"
    },
    "done": true
  },
  "flint_to_gravel:recipes/building_blocks/gravel": {
    "criteria": {
      "has_flint": "2021-06-25 16:18:15 +0000"
    },
    "done": true
  },
  "craftable_name_tags:recipes/building_blocks/craftable_name_tags/name_tag": {
    "criteria": {
      "has_string": "2021-06-25 16:18:15 +0000",
      "has_paper": "2021-06-25 16:18:15 +0000",
      "has_iron": "2021-06-25 16:18:15 +0000"
    },
    "done": true
  },
  "slabs_stairs_to_block:recipes/building_blocks/slabs/quartz_block": {
    "criteria": {
      "has_slab": "2021-06-25 16:18:15 +0000"
    },
    "done": true
  },
  "slabs_stairs_to_block:recipes/building_blocks/stairs/nether_bricks": {
    "criteria": {
      "has_stairs": "2021-06-25 16:18:15 +0000"
    },
    "done": true
  },
  "minecraft:recipes/brewing/cauldron": {
    "criteria": {
      "has_water_bucket": "2021-06-25 16:18:41 +0000"
    },
    "done": true
  },
  "minecraft:adventure/adventuring_time": {
    "criteria": {
      "minecraft:forest": "2021-06-25 16:23:11 +0000",
      "minecraft:beach": "2021-06-25 16:20:08 +0000",
      "minecraft:river": "2021-06-25 16:20:22 +0000",
      "minecraft:plains": "2021-06-25 16:17:19 +0000"
    },
    "done": false
  },
  "slabs_stairs_to_block:recipes/building_blocks/slabs/mossy_stone_bricks": {
    "criteria": {
      "has_slab": "2021-06-25 16:18:15 +0000"
    },
    "done": true
  },
  "minecraft:husbandry/root": {
    "criteria": {
      "consumed_item": "2021-06-25 16:23:12 +0000"
    },
    "done": true
  },
  "vanillatweaks:anti_ghast_grief": {
    "criteria": {
      "tick": "2021-06-25 16:17:18 +0000"
    },
    "done": true
  },
  "minecraft:recipes/building_blocks/slabs/purpur_slab": {
    "criteria": {
      "has_block": "2021-06-25 16:18:15 +0000",
      "has_slab": "2021-06-25 16:18:15 +0000"
    },
    "done": true
  },
  "minecraft:recipes/transportation/birch_boat": {
    "criteria": {
      "in_water": "2021-06-25 16:18:21 +0000"
    },
    "done": true
  },
  "coral_blocks:recipes/building_blocks/coral/horn_coral_block": {
    "criteria": {
      "has_fan": "2021-06-25 16:18:15 +0000",
      "has_coral": "2021-06-25 16:18:15 +0000"
    },
    "done": true
  },
  "slabs_stairs_to_block:recipes/building_blocks/slabs/prismarine_bricks": {
    "criteria": {
      "has_slab": "2021-06-25 16:18:15 +0000"
    },
    "done": true
  },
  "slabs_stairs_to_block:recipes/building_blocks/stairs/prismarine": {
    "criteria": {
      "has_stairs": "2021-06-25 16:18:15 +0000"
    },
    "done": true
  },
  "minecraft:recipes/transportation/acacia_boat": {
    "criteria": {
      "in_water": "2021-06-25 16:18:21 +0000"
    },
    "done": true
  },
  "coral_blocks:recipes/building_blocks/coral/bubble_coral_block": {
    "criteria": {
      "has_fan": "2021-06-25 16:18:15 +0000",
      "has_coral": "2021-06-25 16:18:15 +0000"
    },
    "done": true
  },
  "minecraft:recipes/building_blocks/slabs/quartz_slab": {
    "criteria": {
      "has_block": "2021-06-25 16:18:15 +0000",
      "has_slab": "2021-06-25 16:18:15 +0000"
    },
    "done": true
  },
  "minecraft:recipes/building_blocks/slabs/shulker_box": {
    "criteria": {
      "has_chest": "2021-06-25 16:18:15 +0000",
      "has_item": "2021-06-25 16:18:15 +0000"
    },
    "done": true
  },
  "slabs_stairs_to_block:recipes/building_blocks/stairs/end_stone_bricks": {
    "criteria": {
      "has_stairs": "2021-06-25 16:18:15 +0000"
    },
    "done": true
  },
  "minecraft:adventure/root": {
    "criteria": {
      "killed_something": "2021-06-25 16:20:40 +0000"
    },
    "done": true
  },
  "slabs_stairs_to_block:recipes/building_blocks/slabs/diorite": {
    "criteria": {
      "has_slab": "2021-06-25 16:18:15 +0000"
    },
    "done": true
  },
  "powder_to_glass:recipes/misc/green_stained_glass": {
    "criteria": {
      "has_powder": "2021-06-25 16:18:15 +0000"
    },
    "done": true
  },
  "slabs_stairs_to_block:recipes/building_blocks/slabs/polished_diorite": {
    "criteria": {
      "has_slab": "2021-06-25 16:18:15 +0000"
    },
    "done": true
  },
  "minecraft:recipes/transportation/jungle_boat": {
    "criteria": {
      "in_water": "2021-06-25 16:18:21 +0000"
    },
    "done": true
  },
  "slabs_stairs_to_block:recipes/building_blocks/stairs/dark_oak_planks": {
    "criteria": {
      "has_stairs": "2021-06-25 16:18:15 +0000"
    },
    "done": true
  },
  "minecraft:recipes/building_blocks/slabs/cut_red_sandstone_slab": {
    "criteria": {
      "has_block": "2021-06-25 16:18:15 +0000",
      "has_slab": "2021-06-25 16:18:15 +0000"
    },
    "done": true
  },
  "slabs_stairs_to_block:recipes/building_blocks/stairs/quartz_block": {
    "criteria": {
      "has_stairs": "2021-06-25 16:18:15 +0000"
    },
    "done": true
  },
  "slabs_stairs_to_block:recipes/building_blocks/slabs/purpur_block": {
    "criteria": {
      "has_slab": "2021-06-25 16:18:15 +0000"
    },
    "done": true
  },
  "slabs_stairs_to_block:recipes/building_blocks/slabs/smooth_quartz": {
    "criteria": {
      "has_slab": "2021-06-25 16:18:15 +0000"
    },
    "done": true
  },
  "minecraft:recipes/transportation/dark_oak_boat": {
    "criteria": {
      "in_water": "2021-06-25 16:18:21 +0000"
    },
    "done": true
  },
  "slabs_stairs_to_block:recipes/building_blocks/slabs/spruce_planks": {
    "criteria": {
      "has_slab": "2021-06-25 16:18:15 +0000"
    },
    "done": true
  },
  "vanillatweaks:anti_enderman_grief": {
    "criteria": {
      "tick": "2021-06-25 16:17:18 +0000"
    },
    "done": true
  },
  "minecraft:adventure/kill_all_mobs": {
    "criteria": {
      "minecraft:skeleton": "2021-06-25 16:21:36 +0000",
      "minecraft:creeper": "2021-06-25 16:20:40 +0000"
    },
    "done": false
  },
  "vanillatweaks:villager_workstation_highlights": {
    "criteria": {
      "tick": "2021-06-25 16:17:18 +0000"
    },
    "done": true
  },
  "powder_to_glass:recipes/misc/white_stained_glass": {
    "criteria": {
      "has_powder": "2021-06-25 16:18:15 +0000"
    },
    "done": true
  },
  "minecraft:recipes/building_blocks/slabs/cobblestone_slab": {
    "criteria": {
      "has_block": "2021-06-25 16:18:15 +0000",
      "has_slab": "2021-06-25 16:18:15 +0000"
    },
    "done": true
  },
  "powder_to_glass:recipes/misc/magenta_stained_glass": {
    "criteria": {
      "has_powder": "2021-06-25 16:18:15 +0000"
    },
    "done": true
  },
  "slabs_stairs_to_block:recipes/building_blocks/stairs/diorite": {
    "criteria": {
      "has_stairs": "2021-06-25 16:18:15 +0000"
    },
    "done": true
  },
  "coral_blocks:recipes/building_blocks/coral/tube_coral_block": {
    "criteria": {
      "has_fan": "2021-06-25 16:18:15 +0000",
      "has_coral": "2021-06-25 16:18:15 +0000"
    },
    "done": true
  },
  "slabs_stairs_to_block:recipes/building_blocks/slabs/cobblestone": {
    "criteria": {
      "has_slab": "2021-06-25 16:18:15 +0000"
    },
    "done": true
  },
  "vanillatweaks:player_head_drops": {
    "criteria": {
      "tick": "2021-06-25 16:17:18 +0000"
    },
    "done": true
  },
  "slabs_stairs_to_block:recipes/building_blocks/slabs/red_sandstone": {
    "criteria": {
      "has_slab": "2021-06-25 16:18:15 +0000"
    },
    "done": true
  },
  "slabs_stairs_to_block:recipes/building_blocks/slabs/cut_red_sandstone": {
    "criteria": {
      "has_slab": "2021-06-25 16:18:15 +0000"
    },
    "done": true
  },
  "slabs_stairs_to_block:recipes/building_blocks/slabs/nether_bricks": {
    "criteria": {
      "has_slab": "2021-06-25 16:18:15 +0000"
    },
    "done": true
  },
  "slabs_stairs_to_block:recipes/building_blocks/stairs/polished_granite": {
    "criteria": {
      "has_stairs": "2021-06-25 16:18:15 +0000"
    },
    "done": true
  },
  "coral_blocks:recipes/building_blocks/coral/brain_coral_block": {
    "criteria": {
      "has_fan": "2021-06-25 16:18:15 +0000",
      "has_coral": "2021-06-25 16:18:15 +0000"
    },
    "done": true
  },
  "slabs_stairs_to_block:recipes/building_blocks/stairs/mossy_cobblestone": {
    "criteria": {
      "has_stairs": "2021-06-25 16:18:15 +0000"
    },
    "done": true
  },
  "craftable_blackstone:recipes/building_blocks/coral/blackstone": {
    "criteria": {
      "has_basalt": "2021-06-25 16:18:15 +0000"
    },
    "done": true
  },
  "rotten_flesh_to_leather:recipes/misc/leather": {
    "criteria": {
      "has_flesh": "2021-06-25 16:18:15 +0000"
    },
    "done": true
  },
  "uncraftable_nether_wart_block:recipes/building_blocks/nether_wart": {
    "criteria": {
      "has_nether_wart_block": "2021-06-25 16:18:15 +0000"
    },
    "done": true
  },
  "minecraft:recipes/building_blocks/slabs/paper": {
    "criteria": {
      "has_item": "2021-06-25 16:18:15 +0000"
    },
    "done": true
  },
  "powder_to_glass:recipes/misc/orange_stained_glass": {
    "criteria": {
      "has_powder": "2021-06-25 16:18:15 +0000"
    },
    "done": true
  },
  "slabs_stairs_to_block:recipes/building_blocks/slabs/dark_prismarine": {
    "criteria": {
      "has_slab": "2021-06-25 16:18:15 +0000"
    },
    "done": true
  },
  "slabs_stairs_to_block:recipes/building_blocks/stairs/polished_andesite": {
    "criteria": {
      "has_stairs": "2021-06-25 16:18:15 +0000"
    },
    "done": true
  },
  "vanillatweaks:anti_creeper_grief": {
    "criteria": {
      "tick": "2021-06-25 16:17:18 +0000"
    },
    "done": true
  },
  "powder_to_glass:recipes/misc/pink_stained_glass": {
    "criteria": {
      "has_powder": "2021-06-25 16:18:15 +0000"
    },
    "done": true
  },
  "minecraft:recipes/transportation/oak_boat": {
    "criteria": {
      "in_water": "2021-06-25 16:18:21 +0000"
    },
    "done": true
  },
  "slabs_stairs_to_block:recipes/building_blocks/slabs/red_nether_bricks": {
    "criteria": {
      "has_slab": "2021-06-25 16:18:15 +0000"
    },
    "done": true
  },
  "slabs_stairs_to_block:recipes/building_blocks/stairs/polished_diorite": {
    "criteria": {
      "has_stairs": "2021-06-25 16:18:15 +0000"
    },
    "done": true
  },
  "minecraft:recipes/building_blocks/slabs/red_sandstone_slab": {
    "criteria": {
      "has_block": "2021-06-25 16:18:15 +0000",
      "has_slab": "2021-06-25 16:18:15 +0000"
    },
    "done": true
  },
  "minecraft:recipes/building_blocks/slabs/stone_brick_slab": {
    "criteria": {
      "has_block": "2021-06-25 16:18:15 +0000",
      "has_slab": "2021-06-25 16:18:15 +0000"
    },
    "done": true
  },
  "minecraft:recipes/building_blocks/slabs/sandstone_slab": {
    "criteria": {
      "has_block": "2021-06-25 16:18:15 +0000",
      "has_slab": "2021-06-25 16:18:15 +0000"
    },
    "done": true
  },
  "slabs_stairs_to_block:recipes/building_blocks/stairs/mossy_stone_bricks": {
    "criteria": {
      "has_stairs": "2021-06-25 16:18:15 +0000"
    },
    "done": true
  },
  "slabs_stairs_to_block:recipes/building_blocks/stairs/granite": {
    "criteria": {
      "has_stairs": "2021-06-25 16:18:15 +0000"
    },
    "done": true
  },
  "DataVersion": 2724
}