{"stats":{"minecraft:killed":{"minecraft:spider":5,"minecraft:skeleton":1,"minecraft:chicken":2,"minecraft:drowned":1,"minecraft:pig":3,"minecraft:creeper":3,"minecraft:sheep":2,"minecraft:zombie":15,"minecraft:mooshroom":6},"minecraft:custom":{"minecraft:mob_kills":38,"minecraft:interact_with_crafting_table":28,"minecraft:leave_game":14,"minecraft:time_since_death":5660,"minecraft:climb_one_cm":26411,"minecraft:sprint_one_cm":906574,"minecraft:walk_one_cm":790643,"minecraft:drop":34,"minecraft:deaths":19,"minecraft:sneak_time":22268,"minecraft:walk_under_water_one_cm":19231,"minecraft:boat_one_cm":761926,"minecraft:jump":3386,"minecraft:walk_on_water_one_cm":63257,"minecraft:interact_with_furnace":20,"minecraft:play_one_minute":326224,"minecraft:interact_with_stonecutter":1,"minecraft:sleep_in_bed":2,"minecraft:time_since_rest":5763,"minecraft:damage_taken":6930,"minecraft:damage_dealt":6572,"minecraft:swim_one_cm":122763,"minecraft:fly_one_cm":346586,"minecraft:open_chest":111,"minecraft:crouch_one_cm":37782,"minecraft:fall_one_cm":115334},"minecraft:picked_up":{"minecraft:crafting_table":3,"minecraft:iron_chestplate":1,"minecraft:coarse_dirt":12,"minecraft:chicken":2,"minecraft:brown_mushroom":18,"minecraft:string":9,"minecraft:iron_leggings":1,"minecraft:iron_shovel":2,"minecraft:red_sand":33,"minecraft:beef":29,"minecraft:oak_boat":6,"minecraft:poppy":13,"minecraft:iron_pickaxe":2,"minecraft:sugar_cane":5,"minecraft:chest":5,"minecraft:birch_sapling":12,"minecraft:iron_boots":1,"minecraft:stick":61,"minecraft:torch":40,"minecraft:bowl":4,"minecraft:porkchop":9,"minecraft:diorite":3,"minecraft:redstone":379,"minecraft:rotten_flesh":32,"minecraft:stone_sword":2,"minecraft:arrow":2,"minecraft:stone_shovel":1,"minecraft:yellow_terracotta":1,"minecraft:white_terracotta":2,"minecraft:cobblestone":536,"minecraft:birch_log":6,"minecraft:magma_block":2,"minecraft:leather_chestplate":4,"minecraft:water_bucket":1,"minecraft:andesite":20,"minecraft:leather":15,"minecraft:red_mushroom":14,"minecraft:flint":15,"minecraft:oak_log":82,"minecraft:gunpowder":8,"minecraft:lapis_lazuli":140,"minecraft:dirt":531,"minecraft:orange_terracotta":9,"minecraft:bone":2,"minecraft:apple":82,"minecraft:kelp":7,"minecraft:bow":3,"minecraft:wheat_seeds":10,"minecraft:stone_pickaxe":2,"minecraft:iron_ingot":3,"minecraft:iron_ore":347,"minecraft:oak_planks":24,"minecraft:dandelion":1,"minecraft:gravel":117,"minecraft:sand":5,"minecraft:gold_ore":167,"minecraft:spider_eye":1,"minecraft:light_gray_terracotta":7,"minecraft:diamond":22,"minecraft:stone_axe":2,"minecraft:iron_helmet":1,"minecraft:granite":11,"minecraft:terracotta":6,"minecraft:oak_sapling":58,"minecraft:coal":226},"minecraft:used":{"minecraft:stone_sword":201,"minecraft:red_sand":14,"minecraft:iron_shovel":178,"minecraft:stone_shovel":129,"minecraft:chest":3,"minecraft:oak_door":2,"minecraft:torch":113,"minecraft:dirt":298,"minecraft:carrot":5,"minecraft:granite":2,"minecraft:wooden_axe":27,"minecraft:magma_block":1,"minecraft:bow":4,"minecraft:furnace":5,"minecraft:water_bucket":7,"minecraft:diorite":3,"minecraft:stone_pickaxe":337,"minecraft:oak_planks":92,"minecraft:wooden_pickaxe":33,"minecraft:sugar_cane":3,"minecraft:sand":4,"minecraft:crafting_table":6,"minecraft:mushroom_stew":18,"minecraft:apple":51,"minecraft:bread":1,"minecraft:iron_pickaxe":485,"minecraft:gravel":79,"minecraft:stone_axe":73,"minecraft:cobblestone":60,"minecraft:porkchop":2,"minecraft:bucket":9,"minecraft:oak_boat":4},"minecraft:killed_by":{"minecraft:spider":1,"minecraft:skeleton":5,"minecraft:zombie":3},"minecraft:crafted":{"minecraft:wooden_sword":1,"minecraft:oak_door":3,"minecraft:oak_planks":196,"minecraft:cooked_chicken":2,"minecraft:furnace":4,"minecraft:stone_pickaxe":4,"minecraft:chest":3,"minecraft:cooked_porkchop":5,"minecraft:crafting_table":3,"minecraft:wooden_pickaxe":1,"minecraft:bucket":1,"minecraft:stone_axe":1,"minecraft:bread":5,"minecraft:air":0,"minecraft:stick":28,"minecraft:iron_ingot":66,"minecraft:iron_pickaxe":2,"minecraft:wooden_axe":1,"minecraft:stone_sword":2,"minecraft:iron_shovel":1,"minecraft:gold_ingot":23,"minecraft:torch":88},"minecraft:dropped":{"minecraft:iron_ingot":3,"minecraft:oak_log":1,"minecraft:apple":1,"minecraft:coal":5,"minecraft:stick":2,"minecraft:flint":2,"minecraft:dirt":12,"minecraft:dandelion":1,"minecraft:sugar_cane":2,"minecraft:poppy":1,"minecraft:gunpowder":2,"minecraft:chest":4,"minecraft:stone_pickaxe":1,"minecraft:red_sand":4},"minecraft:broken":{"minecraft:stone_sword":1,"minecraft:stone_pickaxe":3,"minecraft:iron_pickaxe":1,"minecraft:stone_shovel":1},"minecraft:mined":{"minecraft:yellow_terracotta":6,"minecraft:diamond_ore":10,"minecraft:oak_sapling":4,"minecraft:granite":12,"minecraft:red_sand":23,"minecraft:grass_block":48,"minecraft:red_mushroom":15,"minecraft:magma_block":3,"minecraft:redstone_ore":45,"minecraft:iron_ore":149,"minecraft:andesite":12,"minecraft:stone":364,"minecraft:podzol":1,"minecraft:brown_mushroom":19,"minecraft:orange_terracotta":3,"minecraft:crafting_table":3,"minecraft:torch":1,"minecraft:light_gray_terracotta":7,"minecraft:poppy":12,"minecraft:chest":4,"minecraft:dead_bush":39,"minecraft:cobblestone":1,"minecraft:lapis_ore":14,"minecraft:sugar_cane":1,"minecraft:oak_planks":4,"minecraft:diorite":3,"minecraft:wall_torch":21,"minecraft:seagrass":1,"minecraft:coarse_dirt":12,"minecraft:birch_log":6,"minecraft:grass":53,"minecraft:oak_log":45,"minecraft:coal_ore":154,"minecraft:mycelium":44,"minecraft:gravel":131,"minecraft:sand":5,"minecraft:dirt":261,"minecraft:terracotta":2,"minecraft:red_mushroom_block":2,"minecraft:gold_ore":57,"minecraft:oak_leaves":173}},"DataVersion":2230}