{"stats":{"minecraft:killed":{"minecraft:skeleton":1,"minecraft:spider":2,"minecraft:zombie":2,"minecraft:creeper":3},"minecraft:used":{"minecraft:diorite":13,"minecraft:dirt":1,"minecraft:command_block":1,"minecraft:grass_block":10,"minecraft:minecart":46,"minecraft:netherite_axe":8,"minecraft:glow_ink_sac":1},"minecraft:picked_up":{"minecraft:rotten_flesh":630,"minecraft:arrow":4,"minecraft:bone":4,"minecraft:honey_bottle":2,"minecraft:glow_ink_sac":13,"minecraft:lead":2,"minecraft:player_head":1,"minecraft:gunpowder":1,"minecraft:spider_eye":2,"minecraft:string":4,"minecraft:egg":14},"minecraft:dropped":{"minecraft:player_head":64},"minecraft:custom":{"minecraft:open_barrel":1,"minecraft:open_chest":5,"minecraft:time_since_rest":40992,"minecraft:damage_taken":240,"minecraft:play_time":375960,"minecraft:crouch_one_cm":4090,"minecraft:walk_one_cm":54125,"minecraft:sprint_one_cm":106043,"minecraft:deaths":1,"minecraft:sneak_time":3068,"minecraft:walk_under_water_one_cm":6038,"minecraft:mob_kills":8,"minecraft:drop":1,"minecraft:jump":599,"minecraft:inspect_hopper":22,"minecraft:damage_dealt":1424,"minecraft:leave_game":14,"minecraft:time_since_death":40951,"minecraft:walk_on_water_one_cm":1637,"minecraft:total_world_time":107964,"minecraft:interact_with_crafting_table":1,"minecraft:fly_one_cm":1037090,"minecraft:fall_one_cm":858,"minecraft:inspect_dispenser":8}},"DataVersion":2724}