{"stats":{"minecraft:picked_up":{"minecraft:crafting_table":10,"minecraft:iron_chestplate":1,"minecraft:azure_bluet":5,"minecraft:light_blue_concrete":57,"minecraft:chicken":11,"minecraft:diamond_sword":1,"minecraft:enchanted_book":3,"minecraft:string":17,"minecraft:orange_concrete":4,"minecraft:smooth_stone_slab":134,"minecraft:iron_leggings":1,"minecraft:sticky_piston":2,"minecraft:beetroot":197,"minecraft:gold_nugget":2,"minecraft:comparator":3,"minecraft:beef":17,"minecraft:redstone_torch":5,"minecraft:oak_boat":5,"minecraft:observer":3,"minecraft:poppy":20,"minecraft:sugar_cane":20,"minecraft:chest":5,"minecraft:piston":11,"minecraft:furnace":2,"minecraft:diamond_hoe":1,"minecraft:iron_boots":1,"minecraft:egg":1,"minecraft:stick":46,"minecraft:stone":7,"minecraft:brown_terracotta":2,"minecraft:torch":80,"minecraft:porkchop":6,"minecraft:diorite":282,"minecraft:trident":1,"minecraft:carrot":1,"minecraft:redstone":857,"minecraft:cactus":3,"minecraft:arrow":21,"minecraft:cooked_cod":5,"minecraft:rotten_flesh":23,"minecraft:beetroot_seeds":561,"minecraft:gold_ingot":1,"minecraft:mutton":33,"minecraft:obsidian":1,"minecraft:rail":2,"minecraft:white_wool":14,"minecraft:cobblestone":3295,"minecraft:oxeye_daisy":1,"minecraft:enchanting_table":1,"minecraft:feather":13,"minecraft:birch_slab":15,"minecraft:andesite":223,"minecraft:leather":11,"minecraft:flint":13,"minecraft:oak_log":208,"minecraft:gunpowder":6,"minecraft:cobblestone_wall":1,"minecraft:lapis_lazuli":283,"minecraft:dirt":719,"minecraft:lantern":1,"minecraft:polished_granite":13,"minecraft:glass":25,"minecraft:bone":20,"minecraft:apple":69,"minecraft:stone_bricks":93,"minecraft:bow":3,"minecraft:wheat_seeds":8,"minecraft:iron_ingot":86,"minecraft:iron_ore":282,"minecraft:bamboo":7,"minecraft:iron_sword":2,"minecraft:oak_planks":152,"minecraft:purple_concrete":384,"minecraft:book":21,"minecraft:oak_slab":155,"minecraft:stone_brick_slab":31,"minecraft:gravel":118,"minecraft:jungle_planks":4,"minecraft:sand":6,"minecraft:ink_sac":2,"minecraft:white_bed":2,"minecraft:grass_block":1,"minecraft:gold_ore":65,"minecraft:jungle_slab":24,"minecraft:spider_eye":3,"minecraft:light_gray_concrete":1,"minecraft:dispenser":4,"minecraft:coal_ore":2,"minecraft:slime_ball":2,"minecraft:diamond":72,"minecraft:lever":8,"minecraft:chainmail_leggings":1,"minecraft:iron_helmet":2,"minecraft:granite":138,"minecraft:bone_meal":1,"minecraft:gray_wool":2,"minecraft:terracotta":6,"minecraft:baked_potato":20,"minecraft:oak_sapling":87,"minecraft:red_concrete":66,"minecraft:hopper":20,"minecraft:coal":880,"minecraft:purple_concrete_powder":2,"minecraft:ender_pearl":227,"minecraft:diamond_pickaxe":6},"minecraft:killed_by":{"minecraft:player":2,"minecraft:enderman":1,"minecraft:ender_dragon":1},"minecraft:dropped":{"minecraft:enchanted_book":1,"minecraft:iron_sword":1,"minecraft:wheat_seeds":5,"minecraft:feather":9,"minecraft:cobblestone":16,"minecraft:mushroom_stew":1,"minecraft:flint":1,"minecraft:dirt":12,"minecraft:diorite":27,"minecraft:ink_sac":2,"minecraft:redstone":39,"minecraft:gravel":21,"minecraft:cobblestone_wall":1,"minecraft:bowl":3,"minecraft:diamond_hoe":1,"minecraft:rotten_flesh":8,"minecraft:oak_planks":70,"minecraft:azure_bluet":4,"minecraft:diamond_sword":1,"minecraft:carrot":30,"minecraft:poppy":4,"minecraft:diamond_pickaxe":5,"minecraft:andesite":29,"minecraft:oak_sapling":1,"minecraft:spider_eye":2,"minecraft:bamboo":2,"minecraft:iron_ore":8,"minecraft:wooden_pickaxe":1,"minecraft:egg":1},"minecraft:mined":{"minecraft:diamond_ore":35,"minecraft:white_bed":2,"minecraft:oak_sapling":20,"minecraft:light_blue_concrete":64,"minecraft:jungle_slab":22,"minecraft:obsidian":7,"minecraft:lever":6,"minecraft:granite":141,"minecraft:grass_block":282,"minecraft:jungle_planks":4,"minecraft:redstone_wire":12,"minecraft:birch_slab":15,"minecraft:hopper":22,"minecraft:orange_concrete":1,"minecraft:redstone_ore":186,"minecraft:furnace":2,"minecraft:iron_ore":285,"minecraft:sticky_piston":2,"minecraft:andesite":172,"minecraft:enchanting_table":1,"minecraft:rail":2,"minecraft:lantern":1,"minecraft:light_gray_concrete":2,"minecraft:bamboo":4,"minecraft:stone":3383,"minecraft:redstone_wall_torch":1,"minecraft:oak_slab":12,"minecraft:comparator":3,"minecraft:stone_brick_slab":31,"minecraft:observer":3,"minecraft:polished_granite":13,"minecraft:crafting_table":10,"minecraft:torch":17,"minecraft:poppy":19,"minecraft:chest":5,"minecraft:glass":73,"minecraft:cobblestone":166,"minecraft:lapis_ore":23,"minecraft:red_concrete":67,"minecraft:oak_planks":178,"minecraft:sugar_cane":12,"minecraft:diorite":260,"minecraft:wall_torch":49,"minecraft:seagrass":1,"minecraft:cactus":4,"minecraft:cobblestone_wall":1,"minecraft:purple_concrete":384,"minecraft:grass_path":1,"minecraft:smooth_stone_slab":5,"minecraft:grass":27,"minecraft:oak_log":59,"minecraft:coal_ore":683,"minecraft:beetroots":203,"minecraft:mycelium":2,"minecraft:gravel":80,"minecraft:purple_concrete_powder":2,"minecraft:sand":15,"minecraft:dirt":248,"minecraft:cobweb":6,"minecraft:brown_terracotta":2,"minecraft:terracotta":1,"minecraft:dispenser":3,"minecraft:stone_bricks":98,"minecraft:netherrack":2,"minecraft:gold_ore":65,"minecraft:piston":10,"minecraft:oak_leaves":20},"minecraft:custom":{"minecraft:inspect_dropper":1,"minecraft:interact_with_anvil":4,"minecraft:mob_kills":504,"minecraft:inspect_hopper":35,"minecraft:interact_with_crafting_table":79,"minecraft:open_barrel":86,"minecraft:open_shulker_box":55,"minecraft:leave_game":32,"minecraft:time_since_death":25684,"minecraft:climb_one_cm":23461,"minecraft:damage_resisted":62,"minecraft:sprint_one_cm":3589086,"minecraft:walk_one_cm":2159273,"minecraft:drop":88,"minecraft:talked_to_villager":2,"minecraft:deaths":6,"minecraft:sneak_time":45405,"minecraft:walk_under_water_one_cm":287976,"minecraft:boat_one_cm":372950,"minecraft:jump":14775,"minecraft:walk_on_water_one_cm":223108,"minecraft:enchant_item":8,"minecraft:interact_with_furnace":328,"minecraft:interact_with_cartography_table":1,"minecraft:play_one_minute":975739,"minecraft:interact_with_stonecutter":23,"minecraft:sleep_in_bed":38,"minecraft:time_since_rest":25710,"minecraft:open_enderchest":2,"minecraft:damage_taken":8055,"minecraft:damage_dealt":39513,"minecraft:swim_one_cm":142809,"minecraft:fly_one_cm":3585970,"minecraft:player_kills":6,"minecraft:open_chest":804,"minecraft:crouch_one_cm":148169,"minecraft:fall_one_cm":327314,"minecraft:inspect_dispenser":4},"minecraft:killed":{"minecraft:cave_spider":5,"minecraft:zombified_piglin":7,"minecraft:spider":6,"minecraft:skeleton":135,"minecraft:chicken":11,"minecraft:pig":5,"minecraft:bat":2,"minecraft:creeper":6,"minecraft:sheep":16,"minecraft:zombie":17,"minecraft:enderman":282,"minecraft:cow":6,"minecraft:mooshroom":3},"minecraft:broken":{"minecraft:iron_shovel":1,"minecraft:stone_sword":2,"minecraft:diamond_pickaxe":1,"minecraft:iron_axe":1,"minecraft:iron_sword":1,"minecraft:iron_pickaxe":6},"minecraft:crafted":{"minecraft:oak_planks":420,"minecraft:smooth_stone":5,"minecraft:coal":162,"minecraft:oak_sign":3,"minecraft:cooked_chicken":10,"minecraft:furnace":6,"minecraft:stone":1284,"minecraft:lever":1,"minecraft:bookshelf":15,"minecraft:cooked_mutton":23,"minecraft:glass":6,"minecraft:stone_brick_slab":18,"minecraft:diamond_helmet":1,"minecraft:diamond_leggings":1,"minecraft:iron_boots":1,"minecraft:iron_axe":2,"minecraft:comparator":1,"minecraft:stone_pickaxe":1,"minecraft:chest":1,"minecraft:diamond_boots":1,"minecraft:cooked_beef":26,"minecraft:diamond_sword":1,"minecraft:cooked_porkchop":8,"minecraft:crafting_table":2,"minecraft:wooden_pickaxe":1,"minecraft:iron_helmet":1,"minecraft:iron_sword":3,"minecraft:bowl":4,"minecraft:bucket":1,"minecraft:jungle_slab":54,"minecraft:air":0,"minecraft:jungle_planks":128,"minecraft:dispenser":1,"minecraft:oak_boat":1,"minecraft:iron_chestplate":1,"minecraft:diamond_pickaxe":3,"minecraft:stick":148,"minecraft:iron_pickaxe":6,"minecraft:iron_ingot":62,"minecraft:stone_sword":4,"minecraft:gold_ingot":8,"minecraft:iron_shovel":2,"minecraft:iron_leggings":1,"minecraft:white_bed":1,"minecraft:redstone_torch":5,"minecraft:torch":432,"minecraft:beetroot_soup":3,"minecraft:shears":1,"minecraft:diamond_chestplate":1},"minecraft:used":{"minecraft:beetroot":8,"minecraft:trident":13,"minecraft:enchanting_table":2,"minecraft:stone_sword":352,"minecraft:iron_shovel":375,"minecraft:orange_concrete":13,"minecraft:dispenser":5,"minecraft:red_concrete":2,"minecraft:redstone":23,"minecraft:oak_sign":1,"minecraft:chest":12,"minecraft:stone":16,"minecraft:iron_sword":390,"minecraft:cooked_chicken":10,"minecraft:torch":448,"minecraft:dirt":403,"minecraft:hopper":46,"minecraft:jungle_planks":55,"minecraft:jungle_slab":56,"minecraft:carrot":50,"minecraft:granite":3,"minecraft:glass":12,"minecraft:stone_brick_slab":97,"minecraft:lava_bucket":2,"minecraft:bookshelf":15,"minecraft:iron_axe":304,"minecraft:grass_block":13,"minecraft:lantern":1,"minecraft:oak_stairs":14,"minecraft:stone_bricks":1266,"minecraft:bamboo":4,"minecraft:furnace":13,"minecraft:oak_sapling":16,"minecraft:cooked_cod":1,"minecraft:beetroot_seeds":203,"minecraft:cooked_beef":26,"minecraft:observer":5,"minecraft:cooked_mutton":23,"minecraft:water_bucket":49,"minecraft:stone_pickaxe":74,"minecraft:oak_planks":286,"minecraft:baked_potato":47,"minecraft:cactus":1,"minecraft:wooden_pickaxe":37,"minecraft:sugar_cane":8,"minecraft:sand":9,"minecraft:comparator":3,"minecraft:oak_slab":71,"minecraft:crafting_table":11,"minecraft:mushroom_stew":20,"minecraft:white_bed":3,"minecraft:purple_concrete_powder":386,"minecraft:sticky_piston":4,"minecraft:redstone_torch":5,"minecraft:oak_log":96,"minecraft:lever":10,"minecraft:piston":15,"minecraft:diamond_pickaxe":4596,"minecraft:apple":36,"minecraft:birch_slab":3,"minecraft:light_gray_concrete":1,"minecraft:iron_pickaxe":1510,"minecraft:polished_granite":14,"minecraft:diamond_ore":1,"minecraft:diamond_sword":75,"minecraft:light_blue_concrete_powder":64,"minecraft:cobblestone":307,"minecraft:red_concrete_powder":64,"minecraft:cooked_porkchop":8,"minecraft:smooth_stone_slab":68,"minecraft:bucket":52,"minecraft:oak_boat":8}},"DataVersion":2586}