{"stats":{"minecraft:dropped":{"minecraft:iron_sword":5,"minecraft:porkchop":2,"minecraft:glass_bottle":21,"minecraft:diamond":12,"minecraft:crafting_table":2,"minecraft:warped_roots":47,"minecraft:cracked_stone_bricks":6,"minecraft:red_mushroom":15,"minecraft:emerald":65,"minecraft:red_bed":4,"minecraft:sand":1185,"minecraft:fermented_spider_eye":6,"minecraft:white_wool":1,"minecraft:stone_axe":7,"minecraft:diamond_block":1,"minecraft:lever":9,"minecraft:iron_nugget":74,"minecraft:cooked_chicken":1,"minecraft:rotten_flesh":218,"minecraft:oak_planks":1,"minecraft:warped_planks":32,"minecraft:red_mushroom_block":130,"minecraft:leather_boots":12,"minecraft:leather_leggings":6,"minecraft:podzol":2,"minecraft:glass":73,"minecraft:beef":4,"minecraft:purple_stained_glass_pane":2,"minecraft:warped_wart_block":778,"minecraft:golden_boots":4,"minecraft:black_dye":27,"minecraft:wheat_seeds":1,"minecraft:book":2,"minecraft:prismarine_crystals":339,"minecraft:ink_sac":57,"minecraft:cooked_salmon":4,"minecraft:potion":41,"minecraft:pumpkin":125,"minecraft:smooth_stone":156,"minecraft:chainmail_leggings":1,"minecraft:smooth_sandstone":45,"minecraft:creeper_head":1,"minecraft:netherite_hoe":1,"minecraft:player_head":2,"minecraft:sticky_piston":1,"minecraft:stone_shovel":1,"minecraft:white_carpet":1,"minecraft:clay_ball":104,"minecraft:iron_boots":2,"minecraft:damaged_anvil":1,"minecraft:white_shulker_box":2,"minecraft:oak_sign":2,"minecraft:shears":3,"minecraft:diamond_sword":6,"minecraft:spruce_planks":2,"minecraft:diamond_pickaxe":6,"minecraft:redstone_torch":2,"minecraft:stone_bricks":16,"minecraft:bamboo":19,"minecraft:sandstone":121,"minecraft:bow":61,"minecraft:terracotta":26,"minecraft:soul_sand":288,"minecraft:warped_fungus":3,"minecraft:oak_log":53,"minecraft:ender_pearl":24720,"minecraft:leather":66,"minecraft:red_wool":2,"minecraft:cod":392,"minecraft:cobblestone_stairs":37,"minecraft:packed_ice":7,"minecraft:mutton":9,"minecraft:snowball":130,"minecraft:gold_ingot":4,"minecraft:purpur_block":1,"minecraft:magenta_stained_glass":4,"minecraft:cooked_mutton":14,"minecraft:mycelium":2,"minecraft:leather_chestplate":9,"minecraft:trident":1,"minecraft:dropper":3,"minecraft:iron_ore":11,"minecraft:iron_bars":25,"minecraft:white_concrete_powder":8,"minecraft:scaffolding":88,"minecraft:stone_hoe":2,"minecraft:golden_helmet":5,"minecraft:spruce_stairs":7,"minecraft:iron_block":310,"minecraft:repeater":2,"minecraft:nether_wart_block":89,"minecraft:melon_slice":86,"minecraft:white_concrete":2,"minecraft:iron_door":1,"minecraft:jungle_leaves":38,"minecraft:cactus":58,"minecraft:redstone_block":83,"minecraft:kelp":320,"minecraft:shulker_box":7,"minecraft:andesite":24,"minecraft:golden_leggings":4,"minecraft:oak_sapling":1,"minecraft:birch_sign":3,"minecraft:spruce_log":468,"minecraft:crimson_stem":17,"minecraft:clay":1,"minecraft:purpur_stairs":2,"minecraft:elytra":2,"minecraft:rail":5,"minecraft:leather_helmet":9,"minecraft:item_frame":32,"minecraft:dirt":358,"minecraft:stone_button":1,"minecraft:bone_meal":137,"minecraft:iron_pickaxe":4,"minecraft:bone":208,"minecraft:sugar_cane":1139,"minecraft:polished_andesite_slab":79,"minecraft:golden_chestplate":4,"minecraft:birch_sapling":4,"minecraft:end_stone":1,"minecraft:light_gray_carpet":1,"minecraft:salmon":1,"minecraft:hopper":9,"minecraft:ladder":1,"minecraft:spruce_slab":38,"minecraft:white_dye":66,"minecraft:egg":1,"minecraft:iron_ingot":1440,"minecraft:birch_leaves":7,"minecraft:tnt":65,"minecraft:oak_fence":1,"minecraft:purpur_slab":1,"minecraft:feather":3,"minecraft:iron_helmet":7,"minecraft:cobblestone":1296,"minecraft:apple":5,"minecraft:granite":45,"minecraft:coal":9,"minecraft:polished_andesite":24,"minecraft:pufferfish":2,"minecraft:dried_kelp_block":320,"minecraft:golden_carrot":67,"minecraft:diamond_helmet":1,"minecraft:brown_terracotta":2,"minecraft:dead_bush":1,"minecraft:dried_kelp":476,"minecraft:iron_shovel":1,"minecraft:paper":90,"minecraft:string":119,"minecraft:spruce_sapling":4,"minecraft:stone_sword":18,"minecraft:cobblestone_wall":48,"minecraft:smooth_stone_slab":1047,"minecraft:bowl":4,"minecraft:chicken":2,"minecraft:stone_slab":6,"minecraft:slime_block":70,"minecraft:nether_bricks":4,"minecraft:pumpkin_seeds":43,"minecraft:shroomlight":29,"minecraft:stone":429,"minecraft:carved_pumpkin":3,"minecraft:spider_eye":39,"minecraft:dark_prismarine":8,"minecraft:spruce_sign":4,"minecraft:warped_stem":569,"minecraft:brown_mushroom":8,"minecraft:diamond_axe":3,"minecraft:baked_potato":1,"minecraft:flint":6,"minecraft:spruce_leaves":32,"minecraft:crimson_roots":16,"minecraft:cooked_cod":69,"minecraft:seagrass":11,"minecraft:white_stained_glass_pane":3,"minecraft:birch_log":2,"minecraft:brown_mushroom_block":6,"minecraft:gravel":7,"minecraft:diamond_shovel":2,"minecraft:prismarine":16,"minecraft:carrot":694,"minecraft:chainmail_chestplate":1,"minecraft:poppy":272,"minecraft:rabbit_hide":4,"minecraft:turtle_helmet":2,"minecraft:gunpowder":2,"minecraft:chest":19,"minecraft:arrow":101,"minecraft:powered_rail":2,"minecraft:prismarine_bricks":7,"minecraft:quartz":256,"minecraft:written_book":30,"minecraft:oak_leaves":32,"minecraft:netherrack":1274,"minecraft:firework_rocket":25,"minecraft:water_bucket":3,"minecraft:mossy_cobblestone":8,"minecraft:diamond_leggings":1,"minecraft:poisonous_potato":2,"minecraft:prismarine_shard":934,"minecraft:grass_block":2,"minecraft:stick":85,"minecraft:diorite":9,"minecraft:torch":1249,"minecraft:brown_wool":1,"minecraft:iron_leggings":2,"minecraft:iron_axe":1,"minecraft:bucket":4,"minecraft:lapis_block":8,"minecraft:dandelion":1,"minecraft:redstone":90,"minecraft:red_concrete":112,"minecraft:anvil":1,"minecraft:ender_chest":4,"minecraft:blaze_rod":1,"minecraft:composter":64,"minecraft:iron_hoe":1,"minecraft:acacia_leaves":9,"minecraft:red_terracotta":3,"minecraft:cut_red_sandstone":4,"minecraft:filled_map":4,"minecraft:diamond_chestplate":1,"minecraft:orange_terracotta":5,"minecraft:dragon_egg":1,"minecraft:iron_chestplate":1,"minecraft:mossy_stone_bricks":2,"minecraft:oak_boat":2,"minecraft:diamond_boots":1,"minecraft:slime_ball":146,"minecraft:stone_pickaxe":3,"minecraft:white_stained_glass":1576},"minecraft:mined":{"minecraft:dragon_wall_head":1,"minecraft:cut_sandstone_slab":11,"minecraft:red_shulker_box":78,"minecraft:white_bed":53,"minecraft:fire_coral_wall_fan":11,"minecraft:cyan_shulker_box":19,"minecraft:granite":3946,"minecraft:acacia_log":291,"minecraft:oak_pressure_plate":1,"minecraft:oak_wall_sign":4,"minecraft:nether_wart":336,"minecraft:spawner":1,"minecraft:chorus_flower":30,"minecraft:polished_blackstone_bricks":30,"minecraft:magma_block":133,"minecraft:fire":33,"minecraft:barrel":12,"minecraft:fletching_table":2,"minecraft:twisting_vines":1,"minecraft:light_gray_concrete":2,"minecraft:white_shulker_box":73,"minecraft:player_head":5,"minecraft:tripwire":603,"minecraft:sandstone_slab":1,"minecraft:cut_sandstone":9,"minecraft:blue_concrete_powder":3,"minecraft:kelp_plant":807,"minecraft:smoker":13,"minecraft:crimson_nylium":94,"minecraft:torch":1727,"minecraft:note_block":1,"minecraft:melon":51,"minecraft:white_stained_glass_pane":249,"minecraft:dead_bush":150,"minecraft:creeper_wall_head":1,"minecraft:spruce_wall_sign":125,"minecraft:tube_coral_fan":1,"minecraft:lime_shulker_box":11,"minecraft:sugar_cane":1635,"minecraft:bricks":2,"minecraft:birch_sapling":79,"minecraft:white_terracotta":2239,"minecraft:repeater":357,"minecraft:grass":193,"minecraft:dark_oak_sapling":33,"minecraft:smooth_quartz":1,"minecraft:dark_prismarine":261,"minecraft:mossy_cobblestone":8,"minecraft:dark_oak_log":368,"minecraft:sea_lantern":162,"minecraft:end_stone":2237,"minecraft:birch_fence_gate":15,"minecraft:spruce_fence":1,"minecraft:redstone_wire":513,"minecraft:red_mushroom":27,"minecraft:white_concrete_powder":15,"minecraft:horn_coral":2,"minecraft:redstone_ore":1352,"minecraft:pink_concrete":54,"minecraft:andesite":4665,"minecraft:cobblestone_slab":7,"minecraft:vine":17,"minecraft:rail":1016,"minecraft:brain_coral_wall_fan":5,"minecraft:fire_coral_block":34,"minecraft:ender_chest":128,"minecraft:oak_slab":6,"minecraft:redstone_block":59,"minecraft:soul_sand":755,"minecraft:fire_coral":1,"minecraft:prismarine_slab":115,"minecraft:warped_roots":25,"minecraft:purpur_pillar":9,"minecraft:diorite":4510,"minecraft:warped_wart_block":131,"minecraft:black_stained_glass":225,"minecraft:red_terracotta":9107,"minecraft:coarse_dirt":5,"minecraft:cobblestone_wall":173,"minecraft:creeper_head":1,"minecraft:purple_concrete":18,"minecraft:dark_prismarine_slab":11,"minecraft:sunflower":2,"minecraft:gravel":4502,"minecraft:cobweb":72,"minecraft:brown_terracotta":1254,"minecraft:oak_button":1,"minecraft:stone_bricks":31,"minecraft:chipped_anvil":10,"minecraft:gold_ore":432,"minecraft:iron_trapdoor":18,"minecraft:stone_pressure_plate":8,"minecraft:oak_sapling":64,"minecraft:farmland":1,"minecraft:brewing_stand":4,"minecraft:spruce_trapdoor":12,"minecraft:cracked_polished_blackstone_bricks":34,"minecraft:white_concrete":684,"minecraft:polished_diorite":1,"minecraft:polished_blackstone_brick_slab":4,"minecraft:composter":37,"minecraft:frosted_ice":36,"minecraft:turtle_egg":293,"minecraft:green_stained_glass":3,"minecraft:skeleton_wall_skull":8,"minecraft:iron_bars":29,"minecraft:spruce_slab":84,"minecraft:brown_shulker_box":46,"minecraft:jungle_door":1,"minecraft:orange_terracotta":3750,"minecraft:purpur_stairs":9,"minecraft:light_gray_terracotta":1591,"minecraft:end_stone_brick_slab":24,"minecraft:beacon":6,"minecraft:nether_quartz_ore":438,"minecraft:oak_planks":98,"minecraft:wall_torch":278,"minecraft:cauldron":1,"minecraft:warped_nylium":173,"minecraft:powered_rail":180,"minecraft:warped_planks":2,"minecraft:blue_ice":1,"minecraft:tnt":94,"minecraft:smooth_stone_slab":2572,"minecraft:oak_log":1908,"minecraft:beetroots":59,"minecraft:dirt":9350,"minecraft:prismarine_stairs":4,"minecraft:dispenser":9,"minecraft:ancient_debris":27,"minecraft:daylight_detector":3,"minecraft:dark_oak_leaves":16,"minecraft:lever":38,"minecraft:ladder":155,"minecraft:tube_coral_wall_fan":6,"minecraft:stone_button":20,"minecraft:brown_mushroom_block":919,"minecraft:soul_campfire":12,"minecraft:birch_slab":8,"minecraft:spruce_leaves":185,"minecraft:crimson_stem":26,"minecraft:nether_sprouts":9,"minecraft:light_gray_shulker_box":23,"minecraft:detector_rail":1,"minecraft:nether_brick_fence":4,"minecraft:bookshelf":264,"minecraft:shroomlight":8,"minecraft:stripped_oak_log":4,"minecraft:wet_sponge":26,"minecraft:acacia_leaves":77,"minecraft:scaffolding":836,"minecraft:snow_block":32,"minecraft:basalt":76,"minecraft:polished_granite":2,"minecraft:oak_fence":56,"minecraft:honey_block":64,"minecraft:stone_slab":11,"minecraft:red_concrete":148,"minecraft:prismarine_bricks":10140,"minecraft:birch_planks":1,"minecraft:sea_pickle":86,"minecraft:ice":54,"minecraft:cocoa":41,"minecraft:yellow_concrete":20,"minecraft:cracked_stone_bricks":8,"minecraft:mossy_stone_bricks":6,"minecraft:dark_oak_planks":1,"minecraft:dead_horn_coral_fan":2,"minecraft:light_blue_concrete":1,"minecraft:chiseled_red_sandstone":1,"minecraft:jungle_leaves":75,"minecraft:carved_pumpkin":221,"minecraft:obsidian":780,"minecraft:red_sand":920,"minecraft:chiseled_polished_blackstone":4,"minecraft:jungle_log":904,"minecraft:horn_coral_fan":5,"minecraft:coal_block":1,"minecraft:purpur_slab":72,"minecraft:bubble_coral_block":77,"minecraft:crimson_fungus":4,"minecraft:tube_coral_block":9,"minecraft:hopper":1758,"minecraft:chiseled_stone_bricks":2,"minecraft:orange_concrete":9,"minecraft:weeping_vines_plant":2,"minecraft:tall_seagrass":634,"minecraft:sticky_piston":53,"minecraft:pumpkin":63,"minecraft:enchanting_table":3,"minecraft:oak_sign":5,"minecraft:dirt_path":1,"minecraft:oak_stairs":8,"minecraft:iron_block":720,"minecraft:piston_head":1,"minecraft:conduit":4,"minecraft:brown_mushroom":81,"minecraft:red_bed":11,"minecraft:player_wall_head":5,"minecraft:polished_diorite_slab":64,"minecraft:glass":22,"minecraft:damaged_anvil":6,"minecraft:spruce_sign":27,"minecraft:black_concrete_powder":2,"minecraft:wheat":667,"minecraft:lilac":1,"minecraft:pumpkin_stem":4,"minecraft:warped_fungus":15,"minecraft:stone_brick_stairs":1,"minecraft:zombie_wall_head":2,"minecraft:blue_shulker_box":46,"minecraft:red_mushroom_block":1242,"minecraft:stonecutter":66,"minecraft:cut_red_sandstone":7,"minecraft:yellow_stained_glass":3,"minecraft:piston":42,"minecraft:yellow_terracotta":242,"minecraft:pink_shulker_box":82,"minecraft:stripped_birch_log":1,"minecraft:jack_o_lantern":18,"minecraft:shulker_box":846,"minecraft:nether_bricks":37,"minecraft:jungle_planks":1,"minecraft:crimson_roots":36,"minecraft:orange_shulker_box":26,"minecraft:kelp":580,"minecraft:horn_coral_wall_fan":6,"minecraft:black_stained_glass_pane":5,"minecraft:jungle_sapling":22,"minecraft:snow":1,"minecraft:diamond_block":1,"minecraft:white_glazed_terracotta":2,"minecraft:potatoes":96,"minecraft:warped_stem":7,"minecraft:warped_trapdoor":1,"minecraft:bamboo":674,"minecraft:white_wool":7,"minecraft:brain_coral":3,"minecraft:smithing_table":3,"minecraft:light_gray_carpet":7,"minecraft:comparator":68,"minecraft:stone_brick_slab":2,"minecraft:observer":62,"minecraft:smooth_sandstone":15,"minecraft:dropper":33,"minecraft:dried_kelp_block":721,"minecraft:purple_stained_glass":13,"minecraft:white_carpet":73,"minecraft:spruce_log":13463,"minecraft:birch_leaves":60,"minecraft:quartz_pillar":4,"minecraft:mycelium":4269,"minecraft:acacia_planks":2,"minecraft:spruce_fence_gate":19,"minecraft:spruce_planks":127,"minecraft:attached_melon_stem":1,"minecraft:jungle_slab":19,"minecraft:cobblestone_stairs":68,"minecraft:grass_block":1210,"minecraft:purple_stained_glass_pane":12,"minecraft:sandstone_stairs":1,"minecraft:smooth_stone":4427,"minecraft:glowstone":109,"minecraft:iron_ore":897,"minecraft:potted_red_mushroom":1,"minecraft:black_carpet":7,"minecraft:anvil":9,"minecraft:end_stone_bricks":34,"minecraft:cyan_terracotta":3,"minecraft:blackstone":164,"minecraft:twisting_vines_plant":3,"minecraft:melon_stem":5,"minecraft:clay":35,"minecraft:poppy":4,"minecraft:chest":2468,"minecraft:mushroom_stem":264,"minecraft:cobblestone":1818,"minecraft:slime_block":77,"minecraft:grindstone":4,"minecraft:prismarine":5175,"minecraft:iron_door":1,"minecraft:magenta_shulker_box":97,"minecraft:seagrass":777,"minecraft:acacia_sapling":1,"minecraft:nether_wart_block":119,"minecraft:birch_log":675,"minecraft:lapis_block":1,"minecraft:birch_trapdoor":26,"minecraft:activator_rail":2,"minecraft:purpur_block":4,"minecraft:sand":96678,"minecraft:infested_cracked_stone_bricks":2,"minecraft:tripwire_hook":1,"minecraft:netherrack":17788,"minecraft:oak_leaves":2848,"minecraft:emerald_block":1,"minecraft:redstone_lamp":1,"minecraft:nether_gold_ore":8,"minecraft:diamond_ore":243,"minecraft:oak_door":1,"minecraft:gray_shulker_box":32,"minecraft:weeping_vines":1,"minecraft:white_stained_glass":6105,"minecraft:polished_andesite_slab":2364,"minecraft:sandstone":76,"minecraft:oak_trapdoor":17,"minecraft:spruce_sapling":15,"minecraft:furnace":46,"minecraft:carrots":285,"minecraft:stripped_spruce_log":8,"minecraft:black_concrete":452,"minecraft:lantern":2,"minecraft:stripped_jungle_log":1,"minecraft:packed_ice":4529,"minecraft:chorus_plant":14,"minecraft:stone":66246,"minecraft:yellow_shulker_box":22,"minecraft:redstone_wall_torch":115,"minecraft:podzol":354,"minecraft:light_blue_shulker_box":30,"minecraft:red_wool":45,"minecraft:infested_stone_bricks":3,"minecraft:spruce_door":2,"minecraft:crafting_table":134,"minecraft:andesite_slab":1,"minecraft:lectern":79,"minecraft:lapis_ore":104,"minecraft:lily_pad":13,"minecraft:spruce_stairs":28,"minecraft:cactus":29,"minecraft:green_shulker_box":39,"minecraft:redstone_torch":84,"minecraft:sweet_berry_bush":28,"minecraft:coal_ore":2653,"minecraft:end_rod":74,"minecraft:bubble_coral_wall_fan":3,"minecraft:terracotta":12744,"minecraft:polished_andesite":787},"minecraft:broken":{"minecraft:shears":12,"minecraft:iron_hoe":1,"minecraft:wooden_pickaxe":1,"minecraft:iron_pickaxe":36,"minecraft:iron_shovel":2,"minecraft:leather_leggings":1,"minecraft:stone_pickaxe":2,"minecraft:stone_axe":2,"minecraft:stone_shovel":2,"minecraft:iron_sword":5,"minecraft:stone_sword":3,"minecraft:iron_axe":2,"minecraft:golden_helmet":2,"minecraft:golden_leggings":3,"minecraft:wooden_axe":1,"minecraft:flint_and_steel":1,"minecraft:leather_chestplate":1},"minecraft:killed":{"minecraft:cod":8,"minecraft:guardian":955,"minecraft:skeleton_horse":2,"minecraft:iron_golem":15,"minecraft:pillager":11,"minecraft:zombie":2130,"minecraft:endermite":1,"minecraft:husk":17,"minecraft:rabbit":4,"minecraft:zombified_piglin":7,"minecraft:witch":15,"minecraft:spider":888,"minecraft:wither":2,"minecraft:silverfish":2,"minecraft:piglin":4,"minecraft:zombie_villager":35,"minecraft:sheep":122,"minecraft:trader_llama":28,"minecraft:mooshroom":80,"minecraft:ghast":31,"minecraft:slime":1198,"minecraft:drowned":283,"minecraft:hoglin":5,"minecraft:squid":289,"minecraft:wither_skeleton":169,"minecraft:villager":14,"minecraft:shulker":9,"minecraft:skeleton":2285,"minecraft:chicken":36,"minecraft:cat":7,"minecraft:magma_cube":69,"minecraft:cow":2,"minecraft:wandering_trader":15,"minecraft:enderman":27233,"minecraft:turtle":108,"minecraft:creeper":985,"minecraft:blaze":110,"minecraft:bat":1},"minecraft:custom":{"minecraft:interact_with_crafting_table":2071,"minecraft:play_time":24171988,"minecraft:deaths":52,"minecraft:jump":214098,"minecraft:interact_with_smoker":325,"minecraft:inspect_dispenser":237,"minecraft:horse_one_cm":147746,"minecraft:inspect_dropper":571,"minecraft:interact_with_anvil":222,"minecraft:inspect_hopper":6021,"minecraft:tune_noteblock":98693,"minecraft:time_since_rest":8083,"minecraft:swim_one_cm":12212438,"minecraft:open_chest":27177,"minecraft:open_shulker_box":6562,"minecraft:play_noteblock":1,"minecraft:talked_to_villager":409,"minecraft:interact_with_brewingstand":16,"minecraft:interact_with_beacon":54,"minecraft:boat_one_cm":8880712,"minecraft:damage_taken":165551,"minecraft:aviate_one_cm":189082877,"minecraft:open_barrel":503,"minecraft:leave_game":529,"minecraft:time_since_death":3326425,"minecraft:enchant_item":172,"minecraft:interact_with_furnace":2137,"minecraft:traded_with_villager":2221,"minecraft:sleep_in_bed":843,"minecraft:damage_dealt":1467177,"minecraft:interact_with_smithing_table":8,"minecraft:sneak_time":1228533,"minecraft:total_world_time":8005,"minecraft:interact_with_stonecutter":98,"minecraft:fly_one_cm":58057145,"minecraft:fish_caught":1105,"minecraft:fall_one_cm":5018074,"minecraft:animals_bred":660,"minecraft:sprint_one_cm":35724218,"minecraft:drop":3795,"minecraft:walk_on_water_one_cm":4658143,"minecraft:open_enderchest":1783,"minecraft:player_kills":1,"minecraft:crouch_one_cm":4379574,"minecraft:mob_kills":38672,"minecraft:climb_one_cm":1943614,"minecraft:walk_one_cm":54126746,"minecraft:walk_under_water_one_cm":19876016,"minecraft:interact_with_grindstone":79,"minecraft:minecart_one_cm":24647},"minecraft:used":{"minecraft:jack_o_lantern":115,"minecraft:writable_book":3,"minecraft:dispenser":42,"minecraft:poppy":64,"minecraft:black_carpet":295,"minecraft:stone":4284,"minecraft:rotten_flesh":1077,"minecraft:chiseled_red_sandstone":1,"minecraft:soul_sand":239,"minecraft:cocoa_beans":33,"minecraft:jungle_sapling":82,"minecraft:packed_ice":1251,"minecraft:lava_bucket":227,"minecraft:red_wool":125,"minecraft:netherite_hoe":665,"minecraft:dark_oak_leaves":1,"minecraft:bow":607,"minecraft:oak_sapling":230,"minecraft:cooked_cod":144,"minecraft:mossy_stone_bricks":2,"minecraft:damaged_anvil":6,"minecraft:chorus_fruit":2,"minecraft:prismarine":1908,"minecraft:blackstone":25,"minecraft:cactus":3,"minecraft:wooden_pickaxe":26,"minecraft:composter":83,"minecraft:cut_sandstone_slab":43,"minecraft:acacia_leaves":1,"minecraft:birch_slab":187,"minecraft:zombie_head":4,"minecraft:white_glazed_terracotta":26,"minecraft:oak_pressure_plate":5,"minecraft:cut_red_sandstone":3,"minecraft:nether_wart_block":1,"minecraft:diamond_sword":21570,"minecraft:coal_block":1,"minecraft:smithing_table":4,"minecraft:birch_log":12,"minecraft:oak_boat":139,"minecraft:oak_trapdoor":38,"minecraft:enchanting_table":5,"minecraft:carved_pumpkin":5,"minecraft:light_gray_carpet":8,"minecraft:cooked_salmon":13,"minecraft:torch":6471,"minecraft:brewing_stand":7,"minecraft:nether_quartz_ore":4,"minecraft:sea_lantern":348,"minecraft:chipped_anvil":9,"minecraft:iron_block":1471,"minecraft:jungle_log":91,"minecraft:barrel":22,"minecraft:bamboo":43,"minecraft:basalt":2,"minecraft:acacia_planks":6,"minecraft:horn_coral_fan":3,"minecraft:wheat_seeds":668,"minecraft:warped_stem":22,"minecraft:light_blue_shulker_box":30,"minecraft:birch_planks":1,"minecraft:lead":1,"minecraft:blue_concrete_powder":3,"minecraft:spruce_fence_gate":53,"minecraft:gold_ore":1,"minecraft:conduit":5,"minecraft:rail":2286,"minecraft:red_bed":12,"minecraft:white_bed":94,"minecraft:spruce_log":60,"minecraft:mushroom_stem":21,"minecraft:diamond_pickaxe":176969,"minecraft:warped_trapdoor":32,"minecraft:diamond_shovel":117120,"minecraft:oak_button":12,"minecraft:spruce_trapdoor":57,"minecraft:spruce_sapling":678,"minecraft:potion":77,"minecraft:cooked_porkchop":5,"minecraft:green_stained_glass":255,"minecraft:red_sand":4,"minecraft:melon":13,"minecraft:nether_wart":357,"minecraft:creeper_head":4,"minecraft:grass":1,"minecraft:soul_campfire":12,"minecraft:spruce_leaves":5,"minecraft:mutton":1,"minecraft:jungle_planks":1,"minecraft:obsidian":305,"minecraft:bricks":2,"minecraft:lantern":6,"minecraft:warped_nylium":9,"minecraft:item_frame":846,"minecraft:birch_trapdoor":39,"minecraft:written_book":16,"minecraft:blue_shulker_box":46,"minecraft:skeleton_skull":10,"minecraft:pink_concrete_powder":4,"minecraft:dark_oak_sapling":33,"minecraft:end_rod":44,"minecraft:dropper":56,"minecraft:wither_skeleton_skull":15,"minecraft:stone_pickaxe":319,"minecraft:oak_planks":29,"minecraft:prismarine_stairs":46,"minecraft:polished_diorite_slab":105,"minecraft:sandstone":269,"minecraft:sugar_cane":768,"minecraft:diamond_axe":25024,"minecraft:white_wool":7,"minecraft:light_blue_concrete":1,"minecraft:mushroom_stew":36,"minecraft:yellow_concrete":5,"minecraft:end_stone":834,"minecraft:sticky_piston":276,"minecraft:lever":145,"minecraft:daylight_detector":14,"minecraft:dark_oak_log":1,"minecraft:bread":37,"minecraft:iron_door":11,"minecraft:dead_horn_coral_fan":2,"minecraft:smooth_stone_slab":19344,"minecraft:coarse_dirt":4,"minecraft:bone_meal":2062,"minecraft:rose_bush":1,"minecraft:flint_and_steel":101,"minecraft:redstone":4354,"minecraft:dried_kelp":1442,"minecraft:ender_chest":161,"minecraft:brown_shulker_box":46,"minecraft:stone_hoe":114,"minecraft:cooked_chicken":362,"minecraft:dried_kelp_block":2091,"minecraft:dirt":9111,"minecraft:prismarine_bricks":6664,"minecraft:spruce_fence":10,"minecraft:iron_hoe":485,"minecraft:brown_terracotta":14,"minecraft:wooden_axe":17,"minecraft:oak_stairs":16,"minecraft:yellow_concrete_powder":13,"minecraft:black_stained_glass":11508,"minecraft:minecart":86,"minecraft:cooked_beef":108,"minecraft:turtle_egg":38,"minecraft:pumpkin":230,"minecraft:cobblestone_stairs":167,"minecraft:baked_potato":159,"minecraft:brown_mushroom":3,"minecraft:cut_sandstone":8,"minecraft:spruce_sign":1338,"minecraft:dark_prismarine_slab":84,"minecraft:red_mushroom":11,"minecraft:warped_planks":2,"minecraft:piston":137,"minecraft:chicken":2,"minecraft:lapis_ore":9,"minecraft:detector_rail":11,"minecraft:stone_slab":294,"minecraft:stone_axe":480,"minecraft:crimson_fungus":1,"minecraft:lapis_block":1,"minecraft:pink_shulker_box":82,"minecraft:pumpkin_pie":22,"minecraft:sea_pickle":22,"minecraft:peony":1,"minecraft:nether_brick_fence":4,"minecraft:spruce_slab":552,"minecraft:ladder":757,"minecraft:chest":6265,"minecraft:white_shulker_box":76,"minecraft:jungle_slab":23,"minecraft:acacia_sapling":29,"minecraft:honey_block":56,"minecraft:black_stained_glass_pane":23,"minecraft:grass_block":66,"minecraft:birch_sapling":199,"minecraft:orange_shulker_box":26,"minecraft:stone_brick_stairs":1,"minecraft:sweet_berries":34,"minecraft:furnace":74,"minecraft:egg":13,"minecraft:potato":163,"minecraft:seagrass":22,"minecraft:magenta_shulker_box":97,"minecraft:diorite":23,"minecraft:end_stone_bricks":770,"minecraft:spruce_door":12,"minecraft:powered_rail":558,"minecraft:purpur_pillar":11,"minecraft:oak_leaves":2349,"minecraft:sand":71597,"minecraft:blue_ice":1,"minecraft:black_concrete_powder":426,"minecraft:pumpkin_seeds":31,"minecraft:stone_button":1031,"minecraft:lectern":79,"minecraft:red_terracotta":265,"minecraft:polished_granite":1,"minecraft:diamond_ore":72,"minecraft:lilac":2,"minecraft:polished_andesite_slab":12400,"minecraft:bubble_coral_block":10,"minecraft:white_stained_glass":20664,"minecraft:stone_sword":288,"minecraft:acacia_log":23,"minecraft:red_concrete":417,"minecraft:mycelium":6,"minecraft:netherrack":2392,"minecraft:light_gray_shulker_box":23,"minecraft:anvil":25,"minecraft:target":6,"minecraft:warped_wart_block":43,"minecraft:ancient_debris":20,"minecraft:chorus_flower":13,"minecraft:twisting_vines":2,"minecraft:polished_diorite":1,"minecraft:red_shulker_box":79,"minecraft:cyan_shulker_box":19,"minecraft:iron_axe":412,"minecraft:slime_block":421,"minecraft:smooth_quartz":1,"minecraft:prismarine_slab":827,"minecraft:melon_seeds":22,"minecraft:tripwire_hook":1,"minecraft:purple_concrete":63,"minecraft:glowstone":1,"minecraft:iron_trapdoor":73,"minecraft:beef":9,"minecraft:orange_terracotta":60,"minecraft:observer":233,"minecraft:crimson_stem":6,"minecraft:water_bucket":2667,"minecraft:sandstone_stairs":1,"minecraft:rabbit":4,"minecraft:yellow_shulker_box":22,"minecraft:red_mushroom_block":360,"minecraft:fletching_table":32,"minecraft:polished_blackstone_bricks":21,"minecraft:pink_concrete":87,"minecraft:mossy_cobblestone":2,"minecraft:comparator":1042,"minecraft:oak_slab":7,"minecraft:tnt":435,"minecraft:crafting_table":197,"minecraft:cod":5,"minecraft:lime_shulker_box":11,"minecraft:oak_log":41,"minecraft:dark_prismarine":3,"minecraft:ender_eye":8,"minecraft:sunflower":3,"minecraft:iron_pickaxe":8864,"minecraft:purpur_slab":88,"minecraft:crimson_nylium":3,"minecraft:cobblestone":6595,"minecraft:sandstone_slab":1,"minecraft:kelp":2547,"minecraft:brown_mushroom_block":85,"minecraft:jukebox":2,"minecraft:iron_shovel":514,"minecraft:oak_sign":48,"minecraft:white_concrete_powder":327,"minecraft:white_terracotta":8,"minecraft:iron_sword":1294,"minecraft:player_head":14,"minecraft:nether_bricks":17,"minecraft:carrot":532,"minecraft:milk_bucket":13,"minecraft:glass":22,"minecraft:cyan_terracotta":188,"minecraft:coal_ore":177,"minecraft:hopper_minecart":28,"minecraft:stone_bricks":10,"minecraft:repeater":1189,"minecraft:redstone_lamp":21,"minecraft:magma_block":115,"minecraft:warped_fungus":8,"minecraft:scaffolding":2714,"minecraft:beetroot_seeds":99,"minecraft:fire_coral_fan":4,"minecraft:chiseled_polished_blackstone":4,"minecraft:birch_leaves":7,"minecraft:ender_pearl":16,"minecraft:redstone_block":249,"minecraft:end_stone_brick_slab":794,"minecraft:yellow_terracotta":141,"minecraft:light_gray_terracotta":51,"minecraft:note_block":45,"minecraft:shears":2148,"minecraft:redstone_torch":1242,"minecraft:green_concrete":9,"minecraft:black_concrete":412,"minecraft:firework_rocket":294,"minecraft:gray_shulker_box":32,"minecraft:birch_fence_gate":184,"minecraft:heavy_weighted_pressure_plate":9,"minecraft:light_gray_concrete":2,"minecraft:string":1541,"minecraft:gravel":325,"minecraft:grindstone":6,"minecraft:andesite":155,"minecraft:white_concrete":789,"minecraft:experience_bottle":2,"minecraft:oak_fence":112,"minecraft:trident":2063,"minecraft:redstone_ore":241,"minecraft:stone_shovel":267,"minecraft:spruce_planks":46,"minecraft:oak_door":4,"minecraft:white_carpet":668,"minecraft:hopper":7329,"minecraft:spruce_stairs":13,"minecraft:cobblestone_wall":472,"minecraft:shulker_box":822,"minecraft:granite":62,"minecraft:purple_stained_glass_pane":139,"minecraft:stone_brick_slab":2,"minecraft:dark_oak_planks":1,"minecraft:bookshelf":94,"minecraft:yellow_stained_glass":345,"minecraft:golden_carrot":1205,"minecraft:emerald_block":1,"minecraft:white_stained_glass_pane":1317,"minecraft:stone_pressure_plate":44,"minecraft:cooked_mutton":142,"minecraft:iron_ore":1,"minecraft:glass_bottle":83,"minecraft:polished_andesite":1198,"minecraft:andesite_slab":31,"minecraft:beacon":10,"minecraft:stonecutter":66,"minecraft:cobblestone_slab":150,"minecraft:terracotta":1115,"minecraft:smoker":26,"minecraft:purple_stained_glass":759,"minecraft:activator_rail":34,"minecraft:apple":21,"minecraft:cracked_polished_blackstone_bricks":17,"minecraft:fishing_rod":1898,"minecraft:green_shulker_box":39,"minecraft:white_banner":5,"minecraft:bucket":2915,"minecraft:smooth_stone":11911,"minecraft:splash_potion":3},"minecraft:crafted":{"minecraft:black_dye":917,"minecraft:oak_sign":42,"minecraft:melon":7272,"minecraft:blaze_powder":68,"minecraft:chain":4,"minecraft:diamond_shovel":5,"minecraft:shulker_box":7,"minecraft:diamond_helmet":1,"minecraft:beacon":4,"minecraft:stone_pressure_plate":69,"minecraft:iron_door":3,"minecraft:dried_kelp_block":18551,"minecraft:black_wool":198,"minecraft:white_shulker_box":4,"minecraft:turtle_helmet":3,"minecraft:redstone_lamp":22,"minecraft:soul_campfire":10,"minecraft:acacia_slab":72,"minecraft:smithing_table":1,"minecraft:sticky_piston":283,"minecraft:red_nether_bricks":3,"minecraft:fletching_table":30,"minecraft:green_stained_glass":288,"minecraft:end_stone_brick_slab":966,"minecraft:stone_brick_stairs":44,"minecraft:lectern":2,"minecraft:stone_slab":288,"minecraft:iron_pickaxe":25,"minecraft:composter":92,"minecraft:dark_prismarine":1,"minecraft:golden_carrot":1806,"minecraft:jukebox":3,"minecraft:orange_shulker_box":3,"minecraft:iron_nugget":614,"minecraft:diamond_hoe":1,"minecraft:soul_torch":84,"minecraft:jack_o_lantern":177,"minecraft:blue_shulker_box":1,"minecraft:spruce_fence":12,"minecraft:lantern":10,"minecraft:spruce_stairs":16,"minecraft:light_gray_shulker_box":1,"minecraft:polished_diorite":208,"minecraft:black_concrete_powder":552,"minecraft:red_shulker_box":3,"minecraft:stone_pickaxe":1,"minecraft:spruce_boat":12,"minecraft:prismarine_slab":984,"minecraft:purpur_slab":12,"minecraft:enchanting_table":3,"minecraft:leather_helmet":3,"minecraft:enchanted_book":1,"minecraft:soul_lantern":39,"minecraft:chainmail_boots":1,"minecraft:fermented_spider_eye":9,"minecraft:birch_trapdoor":20,"minecraft:black_stained_glass_pane":32,"minecraft:writable_book":16,"minecraft:iron_shovel":2,"minecraft:note_block":51,"minecraft:grindstone":2,"minecraft:cobblestone_slab":306,"minecraft:barrel":16,"minecraft:stone":670,"minecraft:heavy_weighted_pressure_plate":10,"minecraft:warped_planks":7210,"minecraft:stone_brick_slab":60,"minecraft:bow":23,"minecraft:purpur_pillar":6,"minecraft:comparator":303,"minecraft:chest":10190,"minecraft:oak_button":13,"minecraft:rail":1312,"minecraft:ender_eye":51,"minecraft:stone_bricks":160,"minecraft:oak_fence":93,"minecraft:polished_diorite_slab":180,"minecraft:golden_boots":1,"minecraft:sea_lantern":409,"minecraft:dropper":84,"minecraft:cauldron":41,"minecraft:iron_helmet":3,"minecraft:red_wool":214,"minecraft:white_stained_glass_pane":1344,"minecraft:yellow_stained_glass":360,"minecraft:dispenser":155,"minecraft:tnt":342,"minecraft:spruce_trapdoor":280,"minecraft:yellow_dye":84,"minecraft:stick":10736,"minecraft:iron_ingot":26448,"minecraft:light_blue_shulker_box":1,"minecraft:fishing_rod":1,"minecraft:tripwire_hook":10,"minecraft:golden_chestplate":2,"minecraft:spruce_button":3,"minecraft:furnace":72,"minecraft:piston":530,"minecraft:mushroom_stew":6,"minecraft:polished_andesite_slab":5408,"minecraft:oak_trapdoor":74,"minecraft:flint_and_steel":6,"minecraft:scaffolding":2275,"minecraft:white_concrete_powder":512,"minecraft:cobblestone_wall":216,"minecraft:brown_shulker_box":2,"minecraft:purpur_block":8,"minecraft:birch_sign":3,"minecraft:magma_cream":4,"minecraft:purple_stained_glass":864,"minecraft:iron_trapdoor":157,"minecraft:iron_sword":7,"minecraft:jungle_planks":120,"minecraft:white_dye":3275,"minecraft:black_carpet":297,"minecraft:stonecutter":2,"minecraft:anvil":31,"minecraft:andesite":3346,"minecraft:prismarine_stairs":120,"minecraft:torch":3720,"minecraft:diamond_chestplate":1,"minecraft:ender_chest":43,"minecraft:smooth_stone":3173,"minecraft:cut_sandstone":96,"minecraft:cut_sandstone_slab":90,"minecraft:oak_pressure_plate":7,"minecraft:birch_slab":162,"minecraft:slime_block":8149,"minecraft:lever":245,"minecraft:bookshelf":54,"minecraft:dark_prismarine_stairs":8,"minecraft:cooked_mutton":97,"minecraft:magenta_shulker_box":1,"minecraft:glass":3993,"minecraft:repeater":281,"minecraft:diamond_leggings":1,"minecraft:melon_seeds":202,"minecraft:birch_fence_gate":183,"minecraft:magenta_dye":14,"minecraft:glass_bottle":39,"minecraft:target":14,"minecraft:emerald":1601,"minecraft:diamond_axe":3,"minecraft:prismarine_bricks":414,"minecraft:spruce_door":27,"minecraft:hay_block":14,"minecraft:lime_shulker_box":1,"minecraft:compass":1,"minecraft:iron_block":8816,"minecraft:gold_ingot":206,"minecraft:spruce_fence_gate":65,"minecraft:prismarine":2321,"minecraft:stone_shovel":3,"minecraft:smooth_stone_slab":9518,"minecraft:player_head":11,"minecraft:bone_meal":41140,"minecraft:pink_dye":6,"minecraft:white_carpet":627,"minecraft:warped_trapdoor":72,"minecraft:diamond":9,"minecraft:detector_rail":12,"minecraft:ladder":774,"minecraft:spruce_slab":540,"minecraft:diamond_boots":1,"minecraft:redstone_block":371,"minecraft:dark_oak_planks":188,"minecraft:golden_helmet":2,"minecraft:coal_block":158,"minecraft:daylight_detector":13,"minecraft:purple_stained_glass_pane":160,"minecraft:dried_kelp":3092,"minecraft:red_bed":1,"minecraft:sandstone_slab":48,"minecraft:polished_granite":128,"minecraft:conduit":2,"minecraft:white_stained_glass":20056,"minecraft:glowstone":449,"minecraft:jungle_slab":60,"minecraft:golden_apple":4,"minecraft:andesite_slab":30,"minecraft:gray_shulker_box":1,"minecraft:cyan_shulker_box":1,"minecraft:oak_stairs":16,"minecraft:iron_leggings":3,"minecraft:white_bed":46,"minecraft:oak_planks":8182,"minecraft:pink_shulker_box":3,"minecraft:cobblestone_stairs":320,"minecraft:spruce_pressure_plate":3,"minecraft:hopper":6002,"minecraft:iron_boots":3,"minecraft:written_book":14,"minecraft:stone_hoe":1,"minecraft:smoker":15,"minecraft:item_frame":743,"minecraft:oak_slab":36,"minecraft:crafting_table":124,"minecraft:spruce_planks":76581,"minecraft:baked_potato":30,"minecraft:gold_block":2,"minecraft:hopper_minecart":30,"minecraft:birch_planks":2124,"minecraft:brewing_stand":8,"minecraft:pumpkin_seeds":260,"minecraft:iron_chestplate":3,"minecraft:book":56,"minecraft:paper":5187,"minecraft:diamond_pickaxe":6,"minecraft:emerald_block":7,"minecraft:shield":1,"minecraft:warped_slab":600,"minecraft:light_blue_dye":8,"minecraft:stone_sword":2,"minecraft:green_shulker_box":2,"minecraft:redstone_torch":1864,"minecraft:light_gray_carpet":3,"minecraft:shears":27,"minecraft:sandstone_stairs":44,"minecraft:polished_andesite":6432,"minecraft:cookie":18,"minecraft:redstone":3184,"minecraft:coal":180,"minecraft:stone_button":1073,"minecraft:gray_dye":2,"minecraft:diamond_block":1,"minecraft:end_stone_bricks":1500,"minecraft:blue_ice":44,"minecraft:yellow_shulker_box":1,"minecraft:iron_axe":3,"minecraft:slime_ball":4067,"minecraft:iron_hoe":2,"minecraft:minecart":97,"minecraft:observer":194,"minecraft:cooked_beef":124,"minecraft:sugar":64,"minecraft:red_dye":241,"minecraft:bone_block":356,"minecraft:crimson_planks":308,"minecraft:diamond_sword":1,"minecraft:spruce_sign":735,"minecraft:powered_rail":330,"minecraft:activator_rail":60,"minecraft:bowl":8,"minecraft:nether_bricks":53,"minecraft:bucket":52,"minecraft:stone_axe":5,"minecraft:air":0,"minecraft:bread":21,"minecraft:black_stained_glass":11344,"minecraft:oak_boat":17,"minecraft:white_wool":648,"minecraft:gold_nugget":199,"minecraft:dark_prismarine_slab":138,"minecraft:pumpkin_pie":48,"minecraft:acacia_planks":260,"minecraft:lapis_lazuli":279,"minecraft:lapis_block":38,"minecraft:trapped_chest":4,"minecraft:firework_rocket":13019},"minecraft:picked_up":{"minecraft:suspicious_stew":9,"minecraft:lead":37,"minecraft:smithing_table":5,"minecraft:stone_slab":32,"minecraft:enchanted_book":116,"minecraft:music_disc_cat":4,"minecraft:string":2981,"minecraft:pufferfish":9,"minecraft:shroomlight":8,"minecraft:diamond_leggings":23,"minecraft:hopper_minecart":7,"minecraft:diamond_ore":99,"minecraft:spruce_pressure_plate":2,"minecraft:polished_blackstone_brick_slab":8,"minecraft:jukebox":2,"minecraft:acacia_log":569,"minecraft:purpur_pillar":9,"minecraft:golden_chestplate":27,"minecraft:gray_shulker_box":34,"minecraft:cauldron":43,"minecraft:stone_sword":20,"minecraft:horn_coral_fan":40,"minecraft:carved_pumpkin":235,"minecraft:glowstone":80,"minecraft:end_rod":76,"minecraft:bookshelf":117,"minecraft:white_terracotta":5437,"minecraft:blaze_rod":322,"minecraft:iron_bars":37,"minecraft:snowball":130,"minecraft:cooked_beef":32,"minecraft:feather":1754,"minecraft:water_bucket":72,"minecraft:brown_wool":1,"minecraft:flint":1413,"minecraft:purple_stained_glass":26,"minecraft:cyan_concrete_powder":223,"minecraft:pink_concrete_powder":251,"minecraft:lantern":28,"minecraft:stonecutter":82,"minecraft:diamond_helmet":3,"minecraft:rabbit":5,"minecraft:chiseled_polished_blackstone":4,"minecraft:birch_fence_gate":36,"minecraft:stripped_spruce_log":8,"minecraft:brown_mushroom_block":2837,"minecraft:iron_hoe":10,"minecraft:polished_andesite":2086,"minecraft:lever":351,"minecraft:granite":10942,"minecraft:spruce_button":3,"minecraft:jack_o_lantern":82,"minecraft:light_gray_carpet":14,"minecraft:crimson_roots":205,"minecraft:diamond_pickaxe":54,"minecraft:clay_ball":669,"minecraft:leather_leggings":22,"minecraft:redstone_lamp":67,"minecraft:dragon_head":4,"minecraft:purpur_block":12,"minecraft:fire_coral":4,"minecraft:heavy_weighted_pressure_plate":4,"minecraft:elytra":24,"minecraft:flint_and_steel":5,"minecraft:white_carpet":254,"minecraft:white_stained_glass":6878,"minecraft:iron_shovel":17,"minecraft:jungle_sapling":157,"minecraft:poppy":1686,"minecraft:spruce_slab":236,"minecraft:minecart":134,"minecraft:birch_sapling":449,"minecraft:piston":269,"minecraft:lime_shulker_box":12,"minecraft:black_stained_glass":454,"minecraft:stone":54500,"minecraft:white_dye":812,"minecraft:cyan_shulker_box":19,"minecraft:diamond_chestplate":12,"minecraft:stone_shovel":1,"minecraft:purpur_slab":93,"minecraft:yellow_terracotta":383,"minecraft:mutton":256,"minecraft:rail":1766,"minecraft:bone_block":46,"minecraft:birch_leaves":26,"minecraft:yellow_shulker_box":22,"minecraft:tripwire_hook":22,"minecraft:yellow_dye":4,"minecraft:purpur_stairs":10,"minecraft:lily_pad":75,"minecraft:paper":821,"minecraft:apple":227,"minecraft:warped_stem":4125,"minecraft:yellow_stained_glass":53,"minecraft:stone_pickaxe":5,"minecraft:iron_ore":1889,"minecraft:magenta_stained_glass":10,"minecraft:sweet_berries":555,"minecraft:red_wool":195,"minecraft:crying_obsidian":128,"minecraft:dragon_egg":1,"minecraft:leather_helmet":28,"minecraft:diamond_shovel":38,"minecraft:coal_ore":2157,"minecraft:slime_ball":4121,"minecraft:baked_potato":213,"minecraft:hopper":2956,"minecraft:prismarine_stairs":236,"minecraft:black_carpet":34,"minecraft:light_blue_concrete":1,"minecraft:ender_chest":165,"minecraft:nether_brick_fence":6,"minecraft:stone_brick_stairs":88,"minecraft:lapis_block":81,"minecraft:red_sand":1073,"minecraft:smooth_stone":15075,"minecraft:comparator":1208,"minecraft:bucket":23,"minecraft:red_dye":83,"minecraft:rose_bush":42,"minecraft:cobblestone_slab":347,"minecraft:iron_pickaxe":22,"minecraft:smooth_quartz":1,"minecraft:birch_trapdoor":39,"minecraft:spruce_stairs":56,"minecraft:diorite":7811,"minecraft:rotten_flesh":9841,"minecraft:music_disc_ward":1,"minecraft:brown_shulker_box":46,"minecraft:chorus_flower":61,"minecraft:music_disc_wait":1,"minecraft:obsidian":1402,"minecraft:blaze_powder":31,"minecraft:cobblestone":52125,"minecraft:enchanting_table":6,"minecraft:leather_chestplate":26,"minecraft:lilac":36,"minecraft:repeater":1182,"minecraft:andesite":6762,"minecraft:golden_leggings":25,"minecraft:beacon":6,"minecraft:potato":526,"minecraft:prismarine_bricks":15691,"minecraft:dirt":29266,"minecraft:stripped_birch_log":1,"minecraft:cut_sandstone_slab":238,"minecraft:name_tag":20,"minecraft:glass":13195,"minecraft:bone":13334,"minecraft:acacia_planks":84,"minecraft:bow":310,"minecraft:wheat_seeds":3014,"minecraft:grindstone":8,"minecraft:popped_chorus_fruit":15,"minecraft:purple_stained_glass_pane":122,"minecraft:mossy_stone_bricks":4,"minecraft:fletching_table":2,"minecraft:bamboo":17269,"minecraft:prismarine":25322,"minecraft:black_stained_glass_pane":56,"minecraft:light_blue_shulker_box":30,"minecraft:melon":5447,"minecraft:grass_block":618,"minecraft:diamond_block":1,"minecraft:jungle_slab":26,"minecraft:mossy_cobblestone":18,"minecraft:jungle_leaves":59,"minecraft:light_gray_terracotta":3555,"minecraft:sugar":175,"minecraft:slime_block":13571,"minecraft:cracked_polished_blackstone_bricks":28,"minecraft:bone_meal":853,"minecraft:grass":1,"minecraft:spruce_sign":665,"minecraft:emerald":398,"minecraft:netherrack":50128,"minecraft:chorus_fruit":169,"minecraft:andesite_slab":1,"minecraft:oak_leaves":2915,"minecraft:ladder":801,"minecraft:brown_mushroom":684,"minecraft:packed_ice":6067,"minecraft:chain":2,"minecraft:oak_trapdoor":191,"minecraft:mycelium":32,"minecraft:blackstone":186,"minecraft:end_stone":2619,"minecraft:note_block":3,"minecraft:polished_blackstone_bricks":29,"minecraft:trident":15,"minecraft:stone_pressure_plate":71,"minecraft:blue_concrete_powder":827,"minecraft:weeping_vines":3,"minecraft:red_shulker_box":78,"minecraft:pumpkin_pie":44,"minecraft:nether_bricks":282,"minecraft:skeleton_skull":25,"minecraft:purple_dye":126,"minecraft:prismarine_slab":211,"minecraft:basalt":75,"minecraft:golden_carrot":1094,"minecraft:leather":4970,"minecraft:ice":169,"minecraft:crimson_fungus":9,"minecraft:chainmail_chestplate":12,"minecraft:cobblestone_wall":706,"minecraft:gunpowder":558,"minecraft:orange_terracotta":8413,"minecraft:cooked_mutton":49,"minecraft:rabbit_hide":5,"minecraft:iron_ingot":6330,"minecraft:cooked_chicken":186,"minecraft:polished_andesite_slab":4257,"minecraft:nether_quartz_ore":674,"minecraft:warped_fungus":33,"minecraft:emerald_block":25,"minecraft:stone_brick_slab":121,"minecraft:quartz":1688,"minecraft:dandelion":3,"minecraft:lava_bucket":6,"minecraft:green_stained_glass":99,"minecraft:spruce_door":72,"minecraft:cut_red_sandstone":7,"minecraft:light_blue_concrete_powder":254,"minecraft:pumpkin_seeds":2144,"minecraft:white_concrete_powder":207,"minecraft:chainmail_leggings":9,"minecraft:terracotta":24761,"minecraft:damaged_anvil":12,"minecraft:netherite_hoe":1,"minecraft:end_stone_brick_slab":24,"minecraft:sunflower":133,"minecraft:wooden_axe":1,"minecraft:seagrass":1533,"minecraft:iron_chestplate":15,"minecraft:prismarine_shard":4155,"minecraft:chainmail_boots":11,"minecraft:creeper_head":23,"minecraft:flower_pot":2,"minecraft:anvil":17,"minecraft:diamond_sword":32,"minecraft:oak_stairs":9,"minecraft:wither_rose":13,"minecraft:brewing_stand":17,"minecraft:golden_sword":1,"minecraft:soul_soil":10,"minecraft:cooked_salmon":11,"minecraft:red_nether_bricks":1,"minecraft:beetroot":173,"minecraft:orange_concrete_powder":587,"minecraft:gold_nugget":104,"minecraft:spruce_planks":1115,"minecraft:written_book":28,"minecraft:melon_slice":4720,"minecraft:coal_block":24,"minecraft:golden_helmet":23,"minecraft:white_glazed_terracotta":58,"minecraft:composter":228,"minecraft:warped_planks":35,"minecraft:black_dye":33,"minecraft:iron_block":4106,"minecraft:cyan_terracotta":66,"minecraft:birch_log":1634,"minecraft:magma_block":135,"minecraft:polished_diorite_slab":603,"minecraft:iron_door":19,"minecraft:birch_slab":134,"minecraft:jungle_log":2281,"minecraft:acacia_leaves":22,"minecraft:smoker":16,"minecraft:map":4,"minecraft:twisting_vines":95,"minecraft:chipped_anvil":16,"minecraft:glowstone_dust":586,"minecraft:warped_wart_block":232,"minecraft:dropper":110,"minecraft:ink_sac":1977,"minecraft:fermented_spider_eye":6,"minecraft:barrel":12,"minecraft:dark_oak_log":749,"minecraft:trapped_chest":2,"minecraft:red_terracotta":20912,"minecraft:dispenser":74,"minecraft:black_concrete_powder":384,"minecraft:writable_book":1,"minecraft:blue_ice":85,"minecraft:bread":19,"minecraft:bricks":2,"minecraft:spruce_leaves":144,"minecraft:coarse_dirt":4,"minecraft:crafting_table":196,"minecraft:sandstone_slab":96,"minecraft:bubble_coral_fan":8,"minecraft:nether_wart":2094,"minecraft:conduit":4,"minecraft:red_bed":15,"minecraft:cracked_stone_bricks":6,"minecraft:beef":141,"minecraft:iron_nugget":102,"minecraft:chest":3264,"minecraft:egg":9,"minecraft:sandstone":1164,"minecraft:oak_door":4,"minecraft:spruce_fence":1,"minecraft:carrot":14772,"minecraft:redstone":9750,"minecraft:mushroom_stem":868,"minecraft:prismarine_crystals":1161,"minecraft:tnt":233,"minecraft:cooked_cod":108,"minecraft:beetroot_seeds":296,"minecraft:peony":58,"minecraft:tube_coral_fan":28,"minecraft:shears":43,"minecraft:diamond_boots":27,"minecraft:sandstone_stairs":88,"minecraft:tube_coral_block":36,"minecraft:gold_ingot":137,"minecraft:white_shulker_box":76,"minecraft:white_wool":641,"minecraft:lapis_ore":120,"minecraft:stripped_oak_log":5,"minecraft:red_mushroom_block":3589,"minecraft:red_mushroom":553,"minecraft:filled_map":46,"minecraft:oak_log":3188,"minecraft:ancient_debris":53,"minecraft:golden_boots":27,"minecraft:white_banner":6,"minecraft:stone_bricks":171,"minecraft:kelp":23412,"minecraft:cobweb":96,"minecraft:glass_bottle":73,"minecraft:iron_sword":24,"minecraft:white_stained_glass_pane":838,"minecraft:daylight_detector":69,"minecraft:yellow_concrete":36,"minecraft:gravel":16167,"minecraft:spruce_sapling":4156,"minecraft:spruce_log":18077,"minecraft:sea_lantern":1138,"minecraft:firework_rocket":882,"minecraft:polished_diorite":109,"minecraft:stone_axe":3,"minecraft:scute":206,"minecraft:redstone_ore":579,"minecraft:diamond_axe":36,"minecraft:warped_roots":203,"minecraft:oak_button":4,"minecraft:melon_seeds":201,"minecraft:warped_nylium":238,"minecraft:crimson_nylium":118,"minecraft:ender_pearl":13083,"minecraft:shulker_shell":14,"minecraft:music_disc_strad":1,"minecraft:wheat":1044,"minecraft:redstone_block":278,"minecraft:iron_trapdoor":176,"minecraft:light_gray_shulker_box":23,"minecraft:dead_horn_coral_fan":2,"minecraft:turtle_egg":434,"minecraft:potion":31,"minecraft:nether_brick":160,"minecraft:crimson_planks":1,"minecraft:smooth_stone_slab":3218,"minecraft:iron_leggings":11,"minecraft:sticky_piston":210,"minecraft:zombie_head":34,"minecraft:pink_shulker_box":83,"minecraft:oak_sign":24,"minecraft:sea_pickle":674,"minecraft:activator_rail":105,"minecraft:dark_oak_leaves":1,"minecraft:redstone_torch":1309,"minecraft:furnace":216,"minecraft:iron_boots":12,"minecraft:stick":3669,"minecraft:orange_shulker_box":26,"minecraft:jungle_door":4,"minecraft:brown_terracotta":2696,"minecraft:oak_fence":111,"minecraft:torch":6501,"minecraft:porkchop":2,"minecraft:dried_kelp":8589,"minecraft:target":14,"minecraft:yellow_concrete_powder":242,"minecraft:nether_gold_ore":8,"minecraft:cactus":294,"minecraft:fire_coral_fan":46,"minecraft:cod":5960,"minecraft:nautilus_shell":9,"minecraft:magma_cream":85,"minecraft:magenta_dye":6,"minecraft:warped_trapdoor":1,"minecraft:horn_coral":8,"minecraft:wither_skeleton_skull":12,"minecraft:green_shulker_box":39,"minecraft:lapis_lazuli":1041,"minecraft:polished_granite":131,"minecraft:leather_boots":30,"minecraft:powered_rail":303,"minecraft:oak_planks":310,"minecraft:stone_hoe":1,"minecraft:brain_coral":12,"minecraft:ghast_tear":5,"minecraft:pink_concrete":97,"minecraft:cooked_porkchop":27575,"minecraft:oak_pressure_plate":6,"minecraft:poisonous_potato":27,"minecraft:jungle_planks":88,"minecraft:sand":252878,"minecraft:dead_bush":3,"minecraft:shulker_box":928,"minecraft:dark_prismarine":420,"minecraft:light_gray_concrete":377,"minecraft:dark_prismarine_slab":218,"minecraft:spruce_fence_gate":64,"minecraft:clay":6,"minecraft:black_concrete":570,"minecraft:diamond":438,"minecraft:white_concrete":1052,"minecraft:oak_sapling":1178,"minecraft:chiseled_red_sandstone":1,"minecraft:bubble_coral_block":221,"minecraft:nether_star":4,"minecraft:end_stone_bricks":83,"minecraft:fishing_rod":33,"minecraft:cocoa_beans":230,"minecraft:chicken":91,"minecraft:turtle_helmet":22,"minecraft:wooden_pickaxe":1,"minecraft:iron_axe":11,"minecraft:orange_concrete":34,"minecraft:item_frame":409,"minecraft:detector_rail":23,"minecraft:dark_prismarine_stairs":6,"minecraft:oak_boat":162,"minecraft:player_head":502,"minecraft:observer":223,"minecraft:light_gray_wool":12,"minecraft:lectern":88,"minecraft:blue_shulker_box":46,"minecraft:sugar_cane":27327,"minecraft:spruce_trapdoor":31,"minecraft:dark_oak_sapling":176,"minecraft:bowl":32,"minecraft:quartz_pillar":4,"minecraft:stone_button":224,"minecraft:magenta_shulker_box":97,"minecraft:dark_oak_planks":374,"minecraft:arrow":13807,"minecraft:saddle":1,"minecraft:soul_campfire":2,"minecraft:wet_sponge":34,"minecraft:crimson_stem":45,"minecraft:salmon":17,"minecraft:cut_sandstone":109,"minecraft:birch_planks":166,"minecraft:mushroom_stew":6,"minecraft:nether_wart_block":148,"minecraft:cobblestone_stairs":703,"minecraft:podzol":9,"minecraft:smooth_sandstone":32,"minecraft:fire_coral_block":136,"minecraft:heart_of_the_sea":2,"minecraft:acacia_sapling":181,"minecraft:soul_sand":1995,"minecraft:scaffolding":2451,"minecraft:purple_concrete":1117,"minecraft:green_dye":49,"minecraft:book":1817,"minecraft:oak_slab":38,"minecraft:pumpkin":12347,"minecraft:brain_coral_fan":20,"minecraft:white_bed":59,"minecraft:gold_ore":693,"minecraft:spider_eye":490,"minecraft:stripped_jungle_log":20,"minecraft:dried_kelp_block":6856,"minecraft:honey_block":77,"minecraft:iron_helmet":9,"minecraft:black_wool":5,"minecraft:acacia_slab":188,"minecraft:red_concrete":415,"minecraft:coal":6362,"minecraft:purple_concrete_powder":255},"minecraft:killed_by":{"minecraft:zombie":1,"minecraft:wither":2,"minecraft:skeleton":2,"minecraft:slime":1,"minecraft:guardian":8,"minecraft:wither_skeleton":1,"minecraft:blaze":1,"minecraft:player":5,"minecraft:enderman":1,"minecraft:iron_golem":4}},"DataVersion":2724}