{"stats":{"minecraft:used":{"minecraft:shroomlight":10,"minecraft:oak_trapdoor":3,"minecraft:quartz_bricks":2,"minecraft:lever":3,"minecraft:water_bucket":1,"minecraft:diorite":16,"minecraft:sea_lantern":2,"minecraft:dark_oak_log":1,"minecraft:flint_and_steel":2,"minecraft:command_block":3,"minecraft:grass_block":19,"minecraft:powered_rail":4,"minecraft:dark_oak_sign":1,"minecraft:netherite_axe":29,"minecraft:zombie_spawn_egg":2,"minecraft:redstone_block":5,"minecraft:smooth_quartz":14,"minecraft:torch":122,"minecraft:rail":2,"minecraft:anvil":3,"minecraft:tnt":1,"minecraft:crafting_table":2,"minecraft:prismarine_bricks":1,"minecraft:spruce_stairs":3,"minecraft:birch_sign":1,"minecraft:minecart":11,"minecraft:crossbow":4,"minecraft:turtle_egg":1,"minecraft:spruce_fence":1,"minecraft:obsidian":1,"minecraft:powder_snow_bucket":145,"minecraft:magenta_dye":1,"minecraft:milk_bucket":2},"minecraft:dropped":{"minecraft:player_head":1,"minecraft:wheat":1},"minecraft:killed":{"minecraft:skeleton":5,"minecraft:guardian":8,"minecraft:zombie":3,"minecraft:zombified_piglin":1,"minecraft:spider":2,"minecraft:creeper":2},"minecraft:picked_up":{"minecraft:prismarine_shard":3,"minecraft:spider_eye":1,"minecraft:prismarine_crystals":2,"minecraft:string":2,"minecraft:bone":2,"minecraft:arrow":3,"minecraft:rotten_flesh":129,"minecraft:lever":1,"minecraft:player_head":65,"minecraft:powered_rail":1,"minecraft:cod":1},"minecraft:crafted":{"minecraft:firework_rocket":3},"minecraft:custom":{"minecraft:time_since_rest":33024,"minecraft:sprint_one_cm":26809,"minecraft:open_enderchest":1,"minecraft:damage_taken":760,"minecraft:walk_one_cm":93953,"minecraft:mob_kills":21,"minecraft:interact_with_anvil":3,"minecraft:drop":2,"minecraft:minecart_one_cm":1439,"minecraft:damage_dealt":1958,"minecraft:interact_with_crafting_table":3,"minecraft:fly_one_cm":998202,"minecraft:open_chest":1,"minecraft:crouch_one_cm":2041,"minecraft:play_time":72306,"minecraft:open_shulker_box":1,"minecraft:deaths":2,"minecraft:sneak_time":1964,"minecraft:walk_under_water_one_cm":12919,"minecraft:jump":232,"minecraft:leave_game":4,"minecraft:walk_on_water_one_cm":7204,"minecraft:time_since_death":33000,"minecraft:total_world_time":72306,"minecraft:fall_one_cm":7495,"minecraft:inspect_dispenser":1}},"DataVersion":2724}