{"stats":{"minecraft:killed":{"minecraft:cave_spider":1,"minecraft:shulker":97,"minecraft:skeleton":1765,"minecraft:guardian":15,"minecraft:chicken":10,"minecraft:cat":1,"minecraft:magma_cube":68,"minecraft:iron_golem":4,"minecraft:pillager":18,"minecraft:zombie":166,"minecraft:cow":72,"minecraft:endermite":1,"minecraft:vindicator":8,"minecraft:horse":4,"minecraft:husk":1,"minecraft:wandering_trader":3,"minecraft:ravager":2,"minecraft:enderman":5460,"minecraft:zombified_piglin":2,"minecraft:witch":6,"minecraft:spider":51,"minecraft:wither":2,"minecraft:silverfish":8,"minecraft:turtle":3,"minecraft:wolf":1,"minecraft:pig":8,"minecraft:zombie_villager":6,"minecraft:creeper":33,"minecraft:sheep":44,"minecraft:trader_llama":3,"minecraft:ghast":21,"minecraft:blaze":93,"minecraft:slime":35,"minecraft:phantom":14,"minecraft:drowned":39,"minecraft:wither_skeleton":86},"minecraft:crafted":{"minecraft:smooth_stone":3,"minecraft:oak_sign":78,"minecraft:cut_sandstone":960,"minecraft:cut_sandstone_slab":404,"minecraft:melon":78,"minecraft:blaze_powder":26,"minecraft:birch_slab":1770,"minecraft:slime_block":12,"minecraft:lever":1,"minecraft:diamond_shovel":1,"minecraft:bookshelf":56,"minecraft:shulker_box":115,"minecraft:cooked_mutton":18,"minecraft:quartz_block":1445,"minecraft:glass":181,"minecraft:diamond_helmet":2,"minecraft:repeater":4,"minecraft:diamond_leggings":1,"minecraft:beacon":1,"minecraft:melon_seeds":111,"minecraft:chiseled_quartz_block":30,"minecraft:white_shulker_box":42,"minecraft:gray_bed":5,"minecraft:glass_bottle":18,"minecraft:furnace_minecart":4,"minecraft:emerald":1029,"minecraft:smooth_quartz":499,"minecraft:cooked_porkchop":14,"minecraft:diamond_axe":1,"minecraft:sticky_piston":2,"minecraft:hay_block":90,"minecraft:cartography_table":21,"minecraft:light_gray_bed":19,"minecraft:lectern":8,"minecraft:wooden_hoe":1,"minecraft:stone_slab":6,"minecraft:compass":3,"minecraft:iron_pickaxe":38,"minecraft:iron_block":192,"minecraft:gold_ingot":90,"minecraft:composter":4,"minecraft:spruce_fence_gate":8,"minecraft:birch_stairs":80,"minecraft:golden_carrot":174,"minecraft:stone_shovel":4,"minecraft:smooth_stone_slab":12,"minecraft:bone_meal":3775,"minecraft:spruce_fence":90,"minecraft:lantern":24,"minecraft:diamond":63,"minecraft:spruce_stairs":724,"minecraft:ladder":12,"minecraft:spruce_slab":1050,"minecraft:red_shulker_box":1,"minecraft:stone_pickaxe":4,"minecraft:diamond_boots":2,"minecraft:quartz_slab":480,"minecraft:spruce_boat":1,"minecraft:redstone_block":907,"minecraft:chainmail_leggings":9,"minecraft:wheat":990,"minecraft:coal_block":528,"minecraft:enchanting_table":1,"minecraft:dried_kelp":45,"minecraft:sandstone_slab":18,"minecraft:white_stained_glass":40,"minecraft:enchanted_book":42,"minecraft:oak_fence_gate":2,"minecraft:golden_apple":12,"minecraft:fermented_spider_eye":8,"minecraft:iron_shovel":13,"minecraft:iron_leggings":6,"minecraft:white_bed":87,"minecraft:note_block":58,"minecraft:grindstone":1,"minecraft:oak_planks":864,"minecraft:cobblestone_slab":18,"minecraft:stone":12,"minecraft:cobblestone_stairs":40,"minecraft:quartz_pillar":130,"minecraft:hopper":60,"minecraft:bow":21,"minecraft:iron_boots":5,"minecraft:comparator":1,"minecraft:cyan_terracotta":3584,"minecraft:chest":414,"minecraft:rail":464,"minecraft:stone_hoe":14,"minecraft:stone_bricks":256,"minecraft:quartz_stairs":192,"minecraft:crafting_table":16,"minecraft:spruce_planks":6787,"minecraft:iron_helmet":6,"minecraft:baked_potato":189,"minecraft:chainmail_chestplate":4,"minecraft:red_wool":1138,"minecraft:hopper_minecart":24,"minecraft:gold_block":29,"minecraft:birch_planks":1812,"minecraft:pumpkin_seeds":88,"minecraft:white_stained_glass_pane":1584,"minecraft:dispenser":24,"minecraft:apple":64,"minecraft:spruce_trapdoor":12,"minecraft:iron_chestplate":12,"minecraft:book":22,"minecraft:paper":929,"minecraft:yellow_dye":3,"minecraft:diamond_pickaxe":3,"minecraft:emerald_block":58,"minecraft:shield":2,"minecraft:stick":468,"minecraft:iron_ingot":1395,"minecraft:stone_sword":15,"minecraft:black_bed":3,"minecraft:redstone_torch":13,"minecraft:shears":47,"minecraft:sandstone_stairs":296,"minecraft:wooden_sword":5,"minecraft:redstone":801,"minecraft:coal":720,"minecraft:fishing_rod":2,"minecraft:spruce_button":3,"minecraft:furnace":36,"minecraft:stone_button":1,"minecraft:blast_furnace":1,"minecraft:piston":3,"minecraft:oak_trapdoor":4,"minecraft:diamond_block":31,"minecraft:glass_pane":5632,"minecraft:flint_and_steel":2,"minecraft:yellow_shulker_box":1,"minecraft:white_concrete_powder":6832,"minecraft:iron_axe":14,"minecraft:spruce_wood":9,"minecraft:iron_hoe":4,"minecraft:smooth_quartz_slab":354,"minecraft:minecart":25,"minecraft:observer":16,"minecraft:cooked_beef":131,"minecraft:sugar":27,"minecraft:red_dye":1090,"minecraft:cooked_cod":112,"minecraft:bone_block":265,"minecraft:diamond_sword":1,"minecraft:cyan_dye":396,"minecraft:spruce_sign":15,"minecraft:powered_rail":12,"minecraft:iron_sword":16,"minecraft:bucket":19,"minecraft:stone_axe":4,"minecraft:air":0,"minecraft:acacia_boat":1,"minecraft:bread":775,"minecraft:blue_dye":1,"minecraft:white_dye":1218,"minecraft:anvil":4,"minecraft:stonecutter":7,"minecraft:pumpkin_pie":60,"minecraft:acacia_planks":12,"minecraft:torch":912,"minecraft:lapis_lazuli":45,"minecraft:lapis_block":146,"minecraft:diamond_chestplate":1,"minecraft:firework_rocket":321},"minecraft:killed_by":{"minecraft:zombie":4,"minecraft:zombified_piglin":1,"minecraft:wither_skeleton":2,"minecraft:creeper":3,"minecraft:cave_spider":3,"minecraft:blaze":2,"minecraft:player":10,"minecraft:enderman":9,"minecraft:skeleton":5},"minecraft:broken":{"minecraft:shears":4,"minecraft:iron_boots":2,"minecraft:iron_chestplate":2,"minecraft:iron_leggings":1,"minecraft:golden_sword":1,"minecraft:wooden_sword":3,"minecraft:iron_sword":11,"minecraft:iron_hoe":1,"minecraft:stone_sword":8,"minecraft:stone_hoe":3,"minecraft:iron_axe":11,"minecraft:iron_pickaxe":24,"minecraft:iron_helmet":2,"minecraft:wooden_hoe":1,"minecraft:iron_shovel":11,"minecraft:stone_pickaxe":1,"minecraft:stone_shovel":2,"minecraft:flint_and_steel":1},"minecraft:picked_up":{"minecraft:seagrass":1,"minecraft:iron_chestplate":23,"minecraft:chainmail_boots":1,"minecraft:anvil":2,"minecraft:prismarine_shard":19,"minecraft:smithing_table":1,"minecraft:lead":50,"minecraft:diamond_sword":7,"minecraft:enchanted_book":29,"minecraft:brewing_stand":4,"minecraft:golden_sword":3,"minecraft:string":277,"minecraft:beetroot":57,"minecraft:diamond_leggings":6,"minecraft:gold_nugget":3,"minecraft:spruce_planks":846,"minecraft:written_book":2,"minecraft:hopper_minecart":3,"minecraft:melon_slice":1215,"minecraft:diamond_ore":91,"minecraft:golden_helmet":2,"minecraft:composter":4,"minecraft:purpur_pillar":2,"minecraft:acacia_log":3,"minecraft:golden_chestplate":2,"minecraft:stone_sword":11,"minecraft:light_gray_bed":13,"minecraft:blue_dye":64,"minecraft:carved_pumpkin":4,"minecraft:iron_block":344,"minecraft:cyan_terracotta":502,"minecraft:glowstone":180,"minecraft:bookshelf":16,"minecraft:end_rod":42,"minecraft:blaze_rod":80,"minecraft:iron_bars":3,"minecraft:birch_log":458,"minecraft:magma_block":1107,"minecraft:feather":27,"minecraft:cooked_beef":84,"minecraft:iron_door":5,"minecraft:birch_slab":286,"minecraft:water_bucket":28,"minecraft:jungle_log":2,"minecraft:smoker":1,"minecraft:flint":80,"minecraft:light_gray_concrete_powder":2,"minecraft:diamond_helmet":7,"minecraft:glowstone_dust":69,"minecraft:stripped_spruce_log":3,"minecraft:brown_mushroom_block":20,"minecraft:ink_sac":2,"minecraft:dispenser":7,"minecraft:blue_terracotta":1,"minecraft:writable_book":2,"minecraft:granite":520,"minecraft:chainmail_helmet":3,"minecraft:golden_horse_armor":2,"minecraft:bread":202,"minecraft:cyan_dye":51,"minecraft:diamond_pickaxe":12,"minecraft:spruce_leaves":1218,"minecraft:crafting_table":20,"minecraft:sandstone_slab":6,"minecraft:nether_wart":20,"minecraft:clay_ball":1064,"minecraft:leather_leggings":1,"minecraft:dragon_head":7,"minecraft:purpur_block":40,"minecraft:elytra":17,"minecraft:flint_and_steel":4,"minecraft:white_stained_glass":1335,"minecraft:iron_shovel":9,"minecraft:glass_pane":377,"minecraft:cartography_table":2,"minecraft:beef":88,"minecraft:poppy":266,"minecraft:spruce_slab":625,"minecraft:minecart":74,"minecraft:quartz_stairs":10,"minecraft:chest":235,"minecraft:birch_sapling":46,"minecraft:piston":11,"minecraft:diamond_hoe":1,"minecraft:egg":14,"minecraft:sandstone":320,"minecraft:stone":9794,"minecraft:oak_door":2,"minecraft:spruce_fence":78,"minecraft:white_dye":248,"minecraft:carrot":1348,"minecraft:redstone":7798,"minecraft:prismarine_crystals":2,"minecraft:jungle_sign":18,"minecraft:tnt":29,"minecraft:stone_shovel":4,"minecraft:diamond_chestplate":2,"minecraft:beetroot_seeds":138,"minecraft:peony":3,"minecraft:shears":12,"minecraft:diamond_boots":8,"minecraft:purpur_slab":13,"minecraft:hay_block":166,"minecraft:sandstone_stairs":17,"minecraft:gold_ingot":20,"minecraft:totem_of_undying":1,"minecraft:white_shulker_box":260,"minecraft:mutton":61,"minecraft:white_wool":995,"minecraft:bone_block":11,"minecraft:rail":1315,"minecraft:emerald_ore":6,"minecraft:lapis_ore":84,"minecraft:birch_leaves":12,"minecraft:yellow_shulker_box":24,"minecraft:fern":6,"minecraft:red_mushroom":100,"minecraft:filled_map":24,"minecraft:purpur_stairs":5,"minecraft:oak_log":247,"minecraft:golden_boots":2,"minecraft:paper":521,"minecraft:white_banner":6,"minecraft:apple":221,"minecraft:stone_bricks":9,"minecraft:kelp":22,"minecraft:oak_fence_gate":6,"minecraft:stone_pickaxe":4,"minecraft:iron_ore":1841,"minecraft:magenta_stained_glass":14,"minecraft:glass_bottle":3,"minecraft:gray_bed":5,"minecraft:iron_sword":14,"minecraft:dark_oak_slab":4,"minecraft:sweet_berries":29,"minecraft:yellow_concrete":101,"minecraft:red_wool":76,"minecraft:gravel":1463,"minecraft:birch_stairs":7,"minecraft:spruce_sapling":932,"minecraft:spruce_log":5982,"minecraft:sea_lantern":64,"minecraft:dragon_egg":1,"minecraft:oak_wood":8,"minecraft:firework_rocket":776,"minecraft:diamond_shovel":7,"minecraft:coal_ore":3283,"minecraft:slime_ball":282,"minecraft:stone_axe":5,"minecraft:redstone_ore":1111,"minecraft:diamond_axe":7,"minecraft:gray_wool":27,"minecraft:baked_potato":2,"minecraft:melon_seeds":146,"minecraft:smooth_quartz_slab":69,"minecraft:hopper":11,"minecraft:ender_pearl":970,"minecraft:shulker_shell":278,"minecraft:wheat":875,"minecraft:nether_brick_fence":2,"minecraft:redstone_block":95,"minecraft:ender_chest":63,"minecraft:potion":6,"minecraft:smooth_stone_slab":1020,"minecraft:iron_leggings":15,"minecraft:sticky_piston":2,"minecraft:zombie_head":1,"minecraft:oak_sign":33,"minecraft:smooth_stone":12,"minecraft:comparator":38,"minecraft:bucket":3,"minecraft:red_dye":181,"minecraft:rose_bush":1,"minecraft:redstone_torch":87,"minecraft:cobblestone_slab":4,"minecraft:smooth_quartz":41,"minecraft:iron_pickaxe":24,"minecraft:iron_boots":16,"minecraft:furnace":26,"minecraft:stick":653,"minecraft:jungle_door":1,"minecraft:oak_fence":10,"minecraft:torch":1145,"minecraft:spruce_stairs":60,"minecraft:porkchop":14,"minecraft:dried_kelp":787,"minecraft:diorite":570,"minecraft:yellow_concrete_powder":267,"minecraft:quartz_block":26,"minecraft:cactus":68,"minecraft:rotten_flesh":366,"minecraft:obsidian":20,"minecraft:blaze_powder":25,"minecraft:cobblestone":4160,"minecraft:nautilus_shell":2,"minecraft:enchanting_table":1,"minecraft:leather_chestplate":4,"minecraft:magma_cream":21,"minecraft:repeater":72,"minecraft:andesite":591,"minecraft:golden_leggings":4,"minecraft:beacon":6,"minecraft:chiseled_quartz_block":11,"minecraft:potato":801,"minecraft:wither_skeleton_skull":3,"minecraft:lapis_lazuli":1742,"minecraft:dirt":6156,"minecraft:cut_sandstone_slab":24,"minecraft:name_tag":1,"minecraft:leather_boots":2,"minecraft:acacia_planks":2,"minecraft:glass":556,"minecraft:bone":1129,"minecraft:bow":42,"minecraft:wheat_seeds":2211,"minecraft:bell":2,"minecraft:grindstone":3,"minecraft:mossy_stone_bricks":3,"minecraft:fletching_table":1,"minecraft:bamboo":862,"minecraft:powered_rail":98,"minecraft:oak_planks":123,"minecraft:stone_hoe":1,"minecraft:ghast_tear":1,"minecraft:pink_concrete":17,"minecraft:cooked_porkchop":7,"minecraft:poisonous_potato":7,"minecraft:sand":7682,"minecraft:grass_block":2526,"minecraft:diamond_block":26,"minecraft:chiseled_sandstone":5,"minecraft:shulker_box":86,"minecraft:light_gray_concrete":96,"minecraft:spruce_fence_gate":3,"minecraft:sugar":2,"minecraft:clay":38,"minecraft:diamond":289,"minecraft:slime_block":14,"minecraft:spruce_boat":1,"minecraft:crossbow":2,"minecraft:grass":11,"minecraft:bone_meal":29,"minecraft:golden_apple":2,"minecraft:white_concrete":658,"minecraft:spruce_sign":18,"minecraft:emerald":461,"minecraft:oak_sapling":135,"minecraft:netherrack":2002,"minecraft:chorus_fruit":81,"minecraft:oak_leaves":38,"minecraft:nether_star":1,"minecraft:end_stone_bricks":4,"minecraft:fishing_rod":4,"minecraft:splash_potion":3,"minecraft:chicken":9,"minecraft:ladder":69,"minecraft:turtle_helmet":1,"minecraft:brown_mushroom":193,"minecraft:wooden_pickaxe":2,"minecraft:gold_block":1,"minecraft:diamond_horse_armor":1,"minecraft:shield":13,"minecraft:iron_axe":10,"minecraft:wooden_sword":6,"minecraft:item_frame":3,"minecraft:quartz_slab":3,"minecraft:mycelium":1646,"minecraft:oak_boat":18,"minecraft:player_head":37,"minecraft:observer":13,"minecraft:light_gray_wool":139,"minecraft:lectern":332,"minecraft:sugar_cane":1402,"minecraft:spruce_trapdoor":13,"minecraft:phantom_membrane":10,"minecraft:end_stone":156,"minecraft:note_block":51,"minecraft:quartz_pillar":48,"minecraft:stone_button":1,"minecraft:iron_horse_armor":2,"minecraft:stone_pressure_plate":5,"minecraft:arrow":2050,"minecraft:red_shulker_box":6,"minecraft:pumpkin_pie":12,"minecraft:nether_bricks":30,"minecraft:saddle":12,"minecraft:golden_carrot":88,"minecraft:salmon":1,"minecraft:cut_sandstone":62,"minecraft:leather":118,"minecraft:birch_planks":11,"minecraft:chainmail_chestplate":4,"minecraft:gunpowder":62,"minecraft:cobblestone_stairs":10,"minecraft:wooden_hoe":1,"minecraft:orange_terracotta":9,"minecraft:cooked_mutton":45,"minecraft:podzol":212,"minecraft:spruce_wood":1,"minecraft:iron_ingot":411,"minecraft:cooked_chicken":7,"minecraft:polished_andesite_slab":7,"minecraft:soul_sand":24,"minecraft:book":592,"minecraft:scaffolding":1,"minecraft:oak_slab":1,"minecraft:nether_quartz_ore":3857,"minecraft:pumpkin":930,"minecraft:quartz":6959,"minecraft:dandelion":6,"minecraft:lava_bucket":1,"minecraft:blast_furnace":1,"minecraft:white_bed":17,"minecraft:gold_ore":321,"minecraft:green_carpet":6,"minecraft:spider_eye":31,"minecraft:cut_red_sandstone":62,"minecraft:pumpkin_seeds":165,"minecraft:dried_kelp_block":8,"minecraft:white_concrete_powder":700,"minecraft:chainmail_leggings":13,"minecraft:iron_helmet":16,"minecraft:terracotta":506,"minecraft:netherite_hoe":1,"minecraft:black_wool":16,"minecraft:red_concrete":33,"minecraft:coal":5041},"minecraft:used":{"minecraft:beetroot":5,"minecraft:writable_book":2,"minecraft:smooth_quartz_slab":611,"minecraft:dispenser":27,"minecraft:spruce_slab":790,"minecraft:ladder":71,"minecraft:chest":385,"minecraft:stone":5038,"minecraft:white_shulker_box":296,"minecraft:quartz_stairs":202,"minecraft:rotten_flesh":9,"minecraft:spruce_boat":1,"minecraft:quartz_pillar":158,"minecraft:red_wool":1086,"minecraft:grass_block":498,"minecraft:birch_sapling":4,"minecraft:quartz_block":13,"minecraft:bow":1347,"minecraft:furnace":35,"minecraft:oak_sapling":43,"minecraft:cooked_cod":111,"minecraft:egg":1,"minecraft:potato":228,"minecraft:seagrass":1,"minecraft:emerald_ore":6,"minecraft:diorite":26,"minecraft:chorus_fruit":3,"minecraft:powered_rail":227,"minecraft:wooden_pickaxe":2,"minecraft:composter":7,"minecraft:clay":38,"minecraft:golden_apple":4,"minecraft:sand":1009,"minecraft:cut_sandstone_slab":412,"minecraft:blast_furnace":1,"minecraft:chiseled_quartz_block":18,"minecraft:pumpkin_seeds":145,"minecraft:chiseled_sandstone":1,"minecraft:birch_slab":1626,"minecraft:stone_button":2,"minecraft:lectern":333,"minecraft:diamond_ore":96,"minecraft:cut_red_sandstone":63,"minecraft:polished_andesite_slab":1,"minecraft:diamond_sword":4157,"minecraft:wooden_sword":277,"minecraft:white_stained_glass":1245,"minecraft:oak_boat":25,"minecraft:oak_trapdoor":3,"minecraft:enchanting_table":1,"minecraft:stone_sword":1223,"minecraft:red_concrete":7,"minecraft:mycelium":459,"minecraft:netherrack":1016,"minecraft:torch":1083,"minecraft:brewing_stand":2,"minecraft:anvil":7,"minecraft:nether_quartz_ore":2190,"minecraft:oak_fence_gate":3,"minecraft:red_shulker_box":6,"minecraft:sea_lantern":5,"minecraft:iron_block":507,"minecraft:iron_axe":3348,"minecraft:spruce_button":3,"minecraft:slime_block":2,"minecraft:smooth_quartz":330,"minecraft:barrel":1,"minecraft:melon_seeds":113,"minecraft:bamboo":18,"minecraft:beef":36,"minecraft:podzol":26,"minecraft:orange_terracotta":3,"minecraft:observer":217,"minecraft:wheat_seeds":9482,"minecraft:water_bucket":1383,"minecraft:sandstone_stairs":313,"minecraft:birch_planks":801,"minecraft:yellow_shulker_box":24,"minecraft:cartography_table":6,"minecraft:spruce_fence_gate":8,"minecraft:pink_concrete":2,"minecraft:diamond_block":26,"minecraft:rail":1658,"minecraft:comparator":12,"minecraft:crafting_table":27,"minecraft:white_bed":123,"minecraft:cod":13,"minecraft:spruce_log":1220,"minecraft:oak_log":1,"minecraft:diamond_pickaxe":37434,"minecraft:diamond_shovel":15706,"minecraft:iron_pickaxe":7756,"minecraft:purpur_slab":1,"minecraft:spruce_trapdoor":6,"minecraft:spruce_sapling":292,"minecraft:green_carpet":3,"minecraft:cobblestone":629,"minecraft:cooked_porkchop":10,"minecraft:sandstone_slab":20,"minecraft:iron_shovel":3631,"minecraft:oak_sign":59,"minecraft:diamond_hoe":2,"minecraft:white_concrete_powder":9993,"minecraft:iron_sword":3160,"minecraft:player_head":6,"minecraft:mutton":2,"minecraft:nether_bricks":2,"minecraft:carrot":477,"minecraft:furnace_minecart":4,"minecraft:obsidian":11,"minecraft:milk_bucket":2,"minecraft:glass":139,"minecraft:cyan_terracotta":2677,"minecraft:coal_ore":1937,"minecraft:quartz_slab":423,"minecraft:spruce_wood":8,"minecraft:hopper_minecart":16,"minecraft:stone_bricks":265,"minecraft:item_frame":3,"minecraft:golden_sword":27,"minecraft:repeater":11,"minecraft:magma_block":1,"minecraft:written_book":4,"minecraft:beetroot_seeds":48,"minecraft:gold_block":1,"minecraft:skeleton_skull":2,"minecraft:end_rod":14,"minecraft:wither_skeleton_skull":3,"minecraft:stone_pickaxe":236,"minecraft:oak_planks":4,"minecraft:ender_pearl":41,"minecraft:sandstone":279,"minecraft:redstone_block":195,"minecraft:sugar_cane":93,"minecraft:diamond_axe":6463,"minecraft:white_wool":7,"minecraft:yellow_concrete":88,"minecraft:note_block":252,"minecraft:end_stone":1,"minecraft:shears":977,"minecraft:redstone_torch":28,"minecraft:lever":1,"minecraft:firework_rocket":226,"minecraft:melon_slice":244,"minecraft:light_gray_concrete":153,"minecraft:bread":545,"minecraft:grindstone":2,"minecraft:andesite":18,"minecraft:smooth_stone_slab":1028,"minecraft:white_concrete":7034,"minecraft:bone_meal":94,"minecraft:oak_fence":1,"minecraft:flint_and_steel":69,"minecraft:redstone_ore":1075,"minecraft:stone_shovel":264,"minecraft:redstone":24,"minecraft:dried_kelp":227,"minecraft:spruce_planks":914,"minecraft:ender_chest":61,"minecraft:stone_hoe":639,"minecraft:cooked_chicken":2,"minecraft:dirt":9316,"minecraft:hopper":39,"minecraft:spruce_stairs":756,"minecraft:shulker_box":150,"minecraft:spruce_fence":94,"minecraft:granite":59,"minecraft:iron_hoe":627,"minecraft:bookshelf":18,"minecraft:yellow_concrete_powder":174,"minecraft:golden_carrot":228,"minecraft:white_stained_glass_pane":1710,"minecraft:minecart":61,"minecraft:cooked_beef":246,"minecraft:light_gray_bed":9,"minecraft:pumpkin":31,"minecraft:cooked_mutton":50,"minecraft:acacia_boat":1,"minecraft:iron_ore":1,"minecraft:cobblestone_stairs":21,"minecraft:glass_bottle":18,"minecraft:baked_potato":113,"minecraft:cut_sandstone":778,"minecraft:spruce_sign":12,"minecraft:beacon":6,"minecraft:stonecutter":5,"minecraft:cobblestone_slab":16,"minecraft:light_gray_concrete_powder":2,"minecraft:piston":212,"minecraft:wooden_hoe":60,"minecraft:apple":116,"minecraft:chicken":4,"minecraft:lapis_ore":82,"minecraft:stone_axe":204,"minecraft:fishing_rod":3,"minecraft:bucket":1400,"minecraft:pumpkin_pie":38,"minecraft:splash_potion":11,"minecraft:smooth_stone":6,"minecraft:birch_stairs":51},"minecraft:mined":{"minecraft:dragon_wall_head":7,"minecraft:cut_sandstone_slab":18,"minecraft:red_shulker_box":5,"minecraft:white_bed":17,"minecraft:obsidian":22,"minecraft:carved_pumpkin":2,"minecraft:granite":669,"minecraft:acacia_log":3,"minecraft:jungle_log":2,"minecraft:purpur_slab":14,"minecraft:hopper":12,"minecraft:oak_wall_sign":1,"minecraft:nether_wart":39,"minecraft:magma_block":1480,"minecraft:sticky_piston":2,"minecraft:barrel":1,"minecraft:fire":43,"minecraft:pumpkin":563,"minecraft:fletching_table":1,"minecraft:enchanting_table":1,"minecraft:oak_sign":3,"minecraft:quartz_slab":3,"minecraft:light_gray_concrete":96,"minecraft:green_carpet":3,"minecraft:white_shulker_box":254,"minecraft:iron_block":343,"minecraft:player_head":1,"minecraft:brown_mushroom":18,"minecraft:sandstone_slab":6,"minecraft:cut_sandstone":56,"minecraft:kelp_plant":12,"minecraft:smoker":1,"minecraft:torch":106,"minecraft:note_block":52,"minecraft:blast_furnace":1,"minecraft:melon":207,"minecraft:white_stained_glass_pane":44,"minecraft:dead_bush":10,"minecraft:spruce_wall_sign":2,"minecraft:glass":7,"minecraft:smooth_quartz_slab":48,"minecraft:sugar_cane":816,"minecraft:spruce_sign":3,"minecraft:repeater":6,"minecraft:wheat":763,"minecraft:pumpkin_stem":12,"minecraft:grass":295,"minecraft:oak_fence_gate":1,"minecraft:smooth_quartz":17,"minecraft:cut_red_sandstone":59,"minecraft:red_mushroom_block":90,"minecraft:piston":11,"minecraft:attached_pumpkin_stem":22,"minecraft:sea_lantern":1,"minecraft:end_stone":169,"minecraft:shulker_box":85,"minecraft:nether_bricks":41,"minecraft:spruce_fence":68,"minecraft:redstone_wire":7,"minecraft:yellow_concrete_powder":11,"minecraft:kelp":16,"minecraft:red_mushroom":22,"minecraft:cartography_table":1,"minecraft:white_concrete_powder":118,"minecraft:redstone_ore":2418,"minecraft:pink_concrete":26,"minecraft:andesite":814,"minecraft:diamond_block":26,"minecraft:potatoes":225,"minecraft:cobblestone_slab":4,"minecraft:rail":1108,"minecraft:bamboo":90,"minecraft:white_wool":2,"minecraft:ender_chest":60,"minecraft:smithing_table":1,"minecraft:birch_stairs":8,"minecraft:oak_slab":1,"minecraft:redstone_block":95,"minecraft:comparator":5,"minecraft:soul_sand":1,"minecraft:observer":12,"minecraft:dandelion":3,"minecraft:jungle_sign":9,"minecraft:light_gray_concrete_powder":2,"minecraft:emerald_ore":15,"minecraft:purpur_pillar":1,"minecraft:tall_grass":5,"minecraft:diorite":823,"minecraft:spruce_log":5816,"minecraft:birch_leaves":28,"minecraft:quartz_pillar":48,"minecraft:mycelium":1723,"minecraft:gravel":1646,"minecraft:cobweb":9,"minecraft:acacia_planks":2,"minecraft:spruce_fence_gate":4,"minecraft:stone_bricks":10,"minecraft:gold_ore":301,"minecraft:infested_stone":14,"minecraft:fern":40,"minecraft:spruce_planks":204,"minecraft:stone_pressure_plate":4,"minecraft:attached_melon_stem":11,"minecraft:oak_sapling":23,"minecraft:cobblestone_stairs":10,"minecraft:brewing_stand":3,"minecraft:spruce_trapdoor":6,"minecraft:grass_block":4461,"minecraft:white_concrete":423,"minecraft:composter":4,"minecraft:frosted_ice":19,"minecraft:sandstone_stairs":24,"minecraft:smooth_stone":8,"minecraft:glowstone":204,"minecraft:iron_ore":1696,"minecraft:anvil":1,"minecraft:iron_bars":3,"minecraft:end_stone_bricks":2,"minecraft:spruce_slab":566,"minecraft:quartz_block":13,"minecraft:cyan_terracotta":272,"minecraft:melon_stem":10,"minecraft:orange_terracotta":8,"minecraft:purpur_stairs":4,"minecraft:chiseled_quartz_block":2,"minecraft:clay":352,"minecraft:poppy":3,"minecraft:beacon":5,"minecraft:chest":190,"minecraft:mushroom_stem":43,"minecraft:nether_quartz_ore":7871,"minecraft:cobblestone":126,"minecraft:slime_block":13,"minecraft:grindstone":3,"minecraft:oak_planks":16,"minecraft:wall_torch":47,"minecraft:seagrass":6,"minecraft:blue_terracotta":1,"minecraft:powered_rail":86,"minecraft:dark_oak_slab":5,"minecraft:birch_log":447,"minecraft:tnt":27,"minecraft:purpur_block":32,"minecraft:smooth_stone_slab":40,"minecraft:oak_log":188,"minecraft:beetroots":53,"minecraft:sand":7954,"minecraft:dirt":3842,"minecraft:dispenser":8,"minecraft:netherrack":2079,"minecraft:oak_leaves":172,"minecraft:diamond_ore":216,"minecraft:quartz_stairs":10,"minecraft:ladder":1,"minecraft:stone_button":1,"minecraft:white_stained_glass":35,"minecraft:brown_mushroom_block":225,"minecraft:polished_andesite_slab":1,"minecraft:birch_slab":64,"minecraft:spruce_leaves":1677,"minecraft:sandstone":156,"minecraft:large_fern":1,"minecraft:hay_block":137,"minecraft:spruce_sapling":40,"minecraft:furnace":21,"minecraft:carrots":368,"minecraft:chiseled_sandstone":4,"minecraft:stripped_spruce_log":2,"minecraft:gold_block":1,"minecraft:bell":2,"minecraft:nether_brick_fence":2,"minecraft:bookshelf":292,"minecraft:chorus_plant":5,"minecraft:stone":16648,"minecraft:yellow_shulker_box":25,"minecraft:redstone_wall_torch":12,"minecraft:podzol":370,"minecraft:scaffolding":1,"minecraft:red_wool":74,"minecraft:magenta_stained_glass":8,"minecraft:infested_stone_bricks":2,"minecraft:oak_fence":3,"minecraft:crafting_table":13,"minecraft:lectern":327,"minecraft:lapis_ore":205,"minecraft:red_concrete":54,"minecraft:spruce_stairs":37,"minecraft:birch_planks":11,"minecraft:cactus":23,"minecraft:redstone_torch":8,"minecraft:sweet_berry_bush":11,"minecraft:grass_path":12,"minecraft:coal_ore":5176,"minecraft:yellow_concrete":104,"minecraft:end_rod":52,"minecraft:flower_pot":1,"minecraft:cracked_stone_bricks":1,"minecraft:terracotta":545,"minecraft:polished_andesite":1,"minecraft:mossy_stone_bricks":1},"minecraft:custom":{"minecraft:interact_with_crafting_table":781,"minecraft:open_barrel":199,"minecraft:leave_game":221,"minecraft:time_since_death":21248,"minecraft:damage_blocked_by_shield":3755,"minecraft:deaths":52,"minecraft:jump":97949,"minecraft:enchant_item":141,"minecraft:interact_with_furnace":472,"minecraft:traded_with_villager":1261,"minecraft:sleep_in_bed":208,"minecraft:damage_dealt":420780,"minecraft:interact_with_smithing_table":1,"minecraft:inspect_dispenser":48,"minecraft:horse_one_cm":2045470,"minecraft:inspect_dropper":24,"minecraft:interact_with_anvil":56,"minecraft:inspect_hopper":88,"minecraft:sneak_time":442232,"minecraft:tune_noteblock":32,"minecraft:interact_with_stonecutter":5,"minecraft:time_since_rest":21292,"minecraft:swim_one_cm":1408622,"minecraft:fly_one_cm":24686117,"minecraft:open_chest":5388,"minecraft:fish_caught":1,"minecraft:fall_one_cm":2451897,"minecraft:animals_bred":329,"minecraft:open_shulker_box":2602,"minecraft:damage_resisted":174,"minecraft:sprint_one_cm":17389132,"minecraft:drop":1513,"minecraft:play_noteblock":63,"minecraft:talked_to_villager":1017,"minecraft:interact_with_brewingstand":27,"minecraft:walk_on_water_one_cm":1099802,"minecraft:play_one_minute":7853386,"minecraft:interact_with_loom":1,"minecraft:open_enderchest":510,"minecraft:interact_with_beacon":22,"minecraft:player_kills":5,"minecraft:crouch_one_cm":1689720,"minecraft:mob_kills":8590,"minecraft:climb_one_cm":389125,"minecraft:walk_one_cm":20242220,"minecraft:raid_win":1,"minecraft:walk_under_water_one_cm":1511990,"minecraft:boat_one_cm":5532875,"minecraft:raid_trigger":1,"minecraft:interact_with_grindstone":76,"minecraft:damage_taken":80923,"minecraft:damage_absorbed":124,"minecraft:minecart_one_cm":66256,"minecraft:aviate_one_cm":91172274},"minecraft:dropped":{"minecraft:iron_sword":6,"minecraft:diamond":19,"minecraft:dark_oak_slab":2,"minecraft:saddle":1,"minecraft:purpur_stairs":1,"minecraft:rail":61,"minecraft:cut_sandstone_slab":1,"minecraft:red_mushroom":20,"minecraft:emerald":64,"minecraft:red_shulker_box":1,"minecraft:dirt":109,"minecraft:grass":11,"minecraft:yellow_dye":8,"minecraft:writable_book":1,"minecraft:wooden_sword":2,"minecraft:bone_block":11,"minecraft:phantom_membrane":2,"minecraft:sand":16,"minecraft:iron_pickaxe":15,"minecraft:fishing_rod":2,"minecraft:white_wool":69,"minecraft:bone":497,"minecraft:pink_concrete":15,"minecraft:stone_axe":2,"minecraft:compass":1,"minecraft:sugar_cane":10,"minecraft:diamond_block":7,"minecraft:polished_andesite_slab":6,"minecraft:cooked_chicken":6,"minecraft:golden_chestplate":1,"minecraft:wheat":128,"minecraft:birch_sapling":1,"minecraft:rotten_flesh":175,"minecraft:oak_planks":38,"minecraft:end_stone":13,"minecraft:nether_brick_fence":2,"minecraft:coal_ore":1,"minecraft:spruce_slab":1,"minecraft:egg":2,"minecraft:enchanted_book":30,"minecraft:golden_boots":1,"minecraft:iron_ingot":192,"minecraft:wheat_seeds":14,"minecraft:iron_helmet":2,"minecraft:cobblestone":1410,"minecraft:book":22,"minecraft:apple":2,"minecraft:granite":10,"minecraft:coal":11,"minecraft:lava_bucket":1,"minecraft:golden_carrot":16,"minecraft:ink_sac":1,"minecraft:potion":1,"minecraft:dried_kelp":748,"minecraft:red_dye":4,"minecraft:smooth_stone":2,"minecraft:iron_shovel":1,"minecraft:chainmail_leggings":17,"minecraft:paper":3,"minecraft:string":9,"minecraft:spruce_sapling":13,"minecraft:redstone_ore":11,"minecraft:netherite_hoe":1,"minecraft:player_head":2,"minecraft:stone_sword":2,"minecraft:sticky_piston":2,"minecraft:diamond_hoe":1,"minecraft:stone_shovel":1,"minecraft:clay_ball":6,"minecraft:slime_block":12,"minecraft:name_tag":1,"minecraft:white_shulker_box":1,"minecraft:pumpkin_seeds":14,"minecraft:diamond_sword":1,"minecraft:stone":231,"minecraft:peony":1,"minecraft:spruce_planks":186,"minecraft:diamond_pickaxe":2,"minecraft:carved_pumpkin":1,"minecraft:stone_pressure_plate":2,"minecraft:spider_eye":6,"minecraft:sandstone":151,"minecraft:bow":3,"minecraft:magma_block":3,"minecraft:spruce_sign":2,"minecraft:brown_mushroom":20,"minecraft:diamond_axe":1,"minecraft:oak_log":39,"minecraft:baked_potato":32,"minecraft:ender_pearl":914,"minecraft:sandstone_slab":4,"minecraft:birch_slab":126,"minecraft:flint":1,"minecraft:spruce_leaves":83,"minecraft:cyan_terracotta":96,"minecraft:mutton":2,"minecraft:cooked_cod":1,"minecraft:cut_sandstone":5,"minecraft:pumpkin_pie":34,"minecraft:gold_ingot":2,"minecraft:gravel":66,"minecraft:purpur_block":1,"minecraft:magenta_stained_glass":2,"minecraft:beetroot":1,"minecraft:diamond_shovel":1,"minecraft:cooked_mutton":2,"minecraft:mycelium":1,"minecraft:chainmail_chestplate":8,"minecraft:poppy":6,"minecraft:oak_fence_gate":1,"minecraft:leather_chestplate":1,"minecraft:gunpowder":34,"minecraft:spruce_wood":1,"minecraft:iron_ore":88,"minecraft:arrow":406,"minecraft:white_concrete_powder":65,"minecraft:scaffolding":1,"minecraft:quartz":2,"minecraft:oak_leaves":1,"minecraft:written_book":1,"minecraft:netherrack":234,"minecraft:firework_rocket":118,"minecraft:water_bucket":11,"minecraft:stone_hoe":1,"minecraft:bread":301,"minecraft:oak_slab":1,"minecraft:minecart":3,"minecraft:poisonous_potato":1,"minecraft:observer":4,"minecraft:hopper_minecart":3,"minecraft:grass_block":1,"minecraft:stick":99,"minecraft:diorite":6,"minecraft:torch":18,"minecraft:repeater":3,"minecraft:melon_slice":10,"minecraft:white_concrete":1,"minecraft:iron_door":5,"minecraft:jungle_door":1,"minecraft:green_carpet":2,"minecraft:iron_leggings":1,"minecraft:iron_axe":2,"minecraft:cactus":2,"minecraft:bucket":1,"minecraft:dandelion":3,"minecraft:chiseled_sandstone":2,"minecraft:redstone":169,"minecraft:red_concrete":26,"minecraft:ender_chest":1,"minecraft:nether_wart":1,"minecraft:blaze_rod":2,"minecraft:shulker_box":6,"minecraft:glass_pane":320,"minecraft:filled_map":1,"minecraft:diamond_chestplate":1,"minecraft:orange_terracotta":3,"minecraft:dragon_egg":1,"minecraft:iron_chestplate":6,"minecraft:andesite":3,"minecraft:light_gray_bed":3,"minecraft:golden_leggings":1,"minecraft:oak_sapling":7,"minecraft:spruce_log":594,"minecraft:slime_ball":189,"minecraft:beacon":1,"minecraft:stone_pickaxe":2,"minecraft:magma_cream":2,"minecraft:nether_quartz_ore":64,"minecraft:white_stained_glass":90}},"DataVersion":2586}