{"stats":{"minecraft:used":{"minecraft:writable_book":23,"minecraft:jack_o_lantern":1,"minecraft:dispenser":25,"minecraft:poppy":32,"minecraft:black_carpet":285,"minecraft:stone":10379,"minecraft:quartz_stairs":79,"minecraft:rotten_flesh":89,"minecraft:chiseled_red_sandstone":20,"minecraft:soul_sand":101,"minecraft:cocoa_beans":95,"minecraft:lily_of_the_valley":2,"minecraft:deepslate_brick_slab":6,"minecraft:snowball":32,"minecraft:azure_bluet":18,"minecraft:spruce_boat":4,"minecraft:polished_blackstone_slab":1056,"minecraft:jungle_sapling":661,"minecraft:packed_ice":630,"minecraft:lava_bucket":63,"minecraft:quartz_pillar":162,"minecraft:villager_spawn_egg":51,"minecraft:red_wool":544,"minecraft:quartz_block":89,"minecraft:netherite_hoe":7763,"minecraft:dark_oak_leaves":1,"minecraft:dark_oak_slab":1675,"minecraft:diorite_wall":1,"minecraft:netherite_boots":2,"minecraft:bow":4163,"minecraft:cooked_cod":1,"minecraft:oak_sapling":2857,"minecraft:dark_prismarine_stairs":49,"minecraft:mossy_stone_bricks":5,"minecraft:damaged_anvil":15,"minecraft:chorus_fruit":16,"minecraft:prismarine":9,"minecraft:lily_pad":7,"minecraft:blackstone":51,"minecraft:black_glazed_terracotta":377,"minecraft:composter":281,"minecraft:cut_sandstone_slab":1404,"minecraft:blast_furnace":5,"minecraft:acacia_leaves":1,"minecraft:purple_terracotta":268,"minecraft:chiseled_quartz_block":29,"minecraft:gray_concrete":2,"minecraft:purple_concrete_powder":261,"minecraft:birch_fence":80,"minecraft:birch_slab":712,"minecraft:oak_pressure_plate":3,"minecraft:cut_red_sandstone":183,"minecraft:nether_wart_block":4,"minecraft:diamond_sword":5197,"minecraft:smithing_table":56,"minecraft:birch_log":74,"minecraft:piglin_spawn_egg":21,"minecraft:oak_boat":57,"minecraft:purple_wool":11,"minecraft:diorite_stairs":93,"minecraft:oak_trapdoor":140,"minecraft:polished_blackstone_brick_slab":506,"minecraft:enchanting_table":4,"minecraft:orange_concrete":91,"minecraft:carved_pumpkin":5,"minecraft:armor_stand":9,"minecraft:torch":8044,"minecraft:brewing_stand":17,"minecraft:nether_quartz_ore":1532,"minecraft:yellow_carpet":42,"minecraft:oak_fence_gate":76,"minecraft:mossy_cobblestone_stairs":1,"minecraft:sea_lantern":340,"minecraft:chipped_anvil":1,"minecraft:iron_block":3675,"minecraft:light_weighted_pressure_plate":72,"minecraft:filled_map":3,"minecraft:jungle_log":495,"minecraft:barrel":132,"minecraft:bamboo":369,"minecraft:basalt":160,"minecraft:lime_concrete":97,"minecraft:magenta_terracotta":1622,"minecraft:podzol":38,"minecraft:acacia_planks":60,"minecraft:wheat_seeds":3286,"minecraft:warped_stem":2,"minecraft:light_blue_shulker_box":7,"minecraft:birch_planks":1,"minecraft:blue_concrete_powder":65,"minecraft:spruce_fence_gate":7,"minecraft:cauldron":11,"minecraft:sheep_spawn_egg":36,"minecraft:gold_ore":3,"minecraft:deepslate_bricks":29,"minecraft:polished_deepslate_slab":4,"minecraft:diamond_block":112,"minecraft:rail":1750,"minecraft:white_bed":66,"minecraft:spruce_log":1030,"minecraft:amethyst_cluster":1,"minecraft:blue_stained_glass_pane":9,"minecraft:diamond_pickaxe":55386,"minecraft:warped_trapdoor":65,"minecraft:diamond_shovel":36560,"minecraft:oak_button":9,"minecraft:suspicious_stew":1,"minecraft:spruce_pressure_plate":4,"minecraft:spruce_trapdoor":306,"minecraft:spruce_sapling":1953,"minecraft:blue_carpet":134,"minecraft:green_carpet":141,"minecraft:potion":54,"minecraft:andesite_stairs":12,"minecraft:cooked_porkchop":16,"minecraft:repeating_command_block":3,"minecraft:stripped_oak_log":2,"minecraft:dandelion":42,"minecraft:polished_deepslate":79,"minecraft:light_gray_stained_glass_pane":316,"minecraft:bone_block":173,"minecraft:polished_basalt":272,"minecraft:nether_wart":137,"minecraft:grass":1,"minecraft:spruce_leaves":80,"minecraft:mutton":2,"minecraft:jungle_planks":129,"minecraft:furnace_minecart":2,"minecraft:obsidian":4609,"minecraft:bricks":486,"minecraft:lantern":203,"minecraft:polished_blackstone_brick_wall":34,"minecraft:mossy_cobblestone_slab":3,"minecraft:item_frame":508,"minecraft:birch_button":42,"minecraft:deepslate_diamond_ore":4,"minecraft:golden_sword":1,"minecraft:written_book":11,"minecraft:blue_shulker_box":19,"minecraft:gold_block":42,"minecraft:pink_concrete_powder":65,"minecraft:dark_oak_sapling":185,"minecraft:end_rod":57,"minecraft:dropper":313,"minecraft:wither_skeleton_skull":3,"minecraft:jungle_fence":9,"minecraft:oak_planks":140,"minecraft:sandstone":1363,"minecraft:sugar_cane":792,"minecraft:diamond_axe":16532,"minecraft:white_wool":9,"minecraft:netherite_leggings":1,"minecraft:light_blue_concrete":229,"minecraft:lime_stained_glass_pane":8,"minecraft:yellow_concrete":770,"minecraft:deepslate_lapis_ore":7,"minecraft:end_stone":135,"minecraft:sticky_piston":226,"minecraft:lever":70,"minecraft:daylight_detector":64,"minecraft:dark_oak_log":1380,"minecraft:bread":118,"minecraft:iron_door":3,"minecraft:deepslate":638,"minecraft:light_blue_concrete_powder":2198,"minecraft:dead_horn_coral_fan":1,"minecraft:chain":112,"minecraft:smooth_stone_slab":4467,"minecraft:coarse_dirt":1073,"minecraft:bone_meal":1487,"minecraft:orange_concrete_powder":48,"minecraft:netherite_sword":6743,"minecraft:rose_bush":4,"minecraft:flint_and_steel":94,"minecraft:redstone":2060,"minecraft:dried_kelp":599,"minecraft:ender_chest":293,"minecraft:brown_shulker_box":4,"minecraft:cooked_chicken":76,"minecraft:dried_kelp_block":756,"minecraft:dirt":7584,"minecraft:prismarine_bricks":15,"minecraft:bee_nest":18,"minecraft:spruce_fence":195,"minecraft:iron_hoe":585,"minecraft:wooden_axe":89,"minecraft:brown_terracotta":151,"minecraft:light_gray_stained_glass":11,"minecraft:oak_stairs":137,"minecraft:smooth_sandstone":564,"minecraft:yellow_concrete_powder":555,"minecraft:black_stained_glass":54,"minecraft:soul_soil":29,"minecraft:netherite_pickaxe":104616,"minecraft:minecart":92,"minecraft:cyan_concrete_powder":625,"minecraft:cooked_beef":816,"minecraft:turtle_egg":6,"minecraft:orange_stained_glass_pane":8,"minecraft:pumpkin":1,"minecraft:beetroot_soup":16,"minecraft:quartz_bricks":7,"minecraft:cobblestone_stairs":74,"minecraft:snow_block":2,"minecraft:baked_potato":909,"minecraft:cut_sandstone":314,"minecraft:spruce_sign":60,"minecraft:red_mushroom":2,"minecraft:spider_eye":1,"minecraft:piston":158,"minecraft:black_wool":1,"minecraft:command_block":15,"minecraft:chicken":2,"minecraft:lapis_ore":29,"minecraft:stone_slab":18,"minecraft:detector_rail":6,"minecraft:magenta_concrete":499,"minecraft:jungle_stairs":2,"minecraft:crimson_fungus":7,"minecraft:cobbled_deepslate_slab":1,"minecraft:cyan_stained_glass_pane":9,"minecraft:chain_command_block":2,"minecraft:lapis_block":1,"minecraft:pumpkin_pie":48,"minecraft:sea_pickle":5,"minecraft:peony":17,"minecraft:elytra":1,"minecraft:spruce_slab":1135,"minecraft:polished_blackstone":427,"minecraft:ladder":32,"minecraft:chest":4758,"minecraft:brown_concrete":1,"minecraft:white_shulker_box":353,"minecraft:brick_slab":13,"minecraft:acacia_button":7,"minecraft:acacia_sapling":31,"minecraft:jungle_slab":1225,"minecraft:stripped_spruce_log":681,"minecraft:honey_block":537,"minecraft:netherite_shovel":61077,"minecraft:black_stained_glass_pane":303,"minecraft:grass_block":26061,"minecraft:birch_sapling":2602,"minecraft:polished_andesite_stairs":42,"minecraft:orange_shulker_box":29,"minecraft:wet_sponge":458,"minecraft:blue_banner":1,"minecraft:stone_brick_stairs":652,"minecraft:red_stained_glass_pane":20,"minecraft:snow":2,"minecraft:sweet_berries":38,"minecraft:furnace":129,"minecraft:egg":78,"minecraft:potato":1155,"minecraft:dead_brain_coral_fan":5,"minecraft:seagrass":8,"minecraft:diorite":627,"minecraft:end_stone_bricks":14,"minecraft:spruce_door":8,"minecraft:stripped_birch_log":50,"minecraft:powered_rail":341,"minecraft:lime_concrete_powder":1335,"minecraft:purpur_pillar":107,"minecraft:oak_leaves":268,"minecraft:smooth_quartz_stairs":433,"minecraft:dark_oak_trapdoor":17,"minecraft:sand":22235,"minecraft:purpur_stairs":1,"minecraft:blue_ice":23,"minecraft:netherite_helmet":2,"minecraft:pumpkin_seeds":1,"minecraft:deepslate_tiles":116,"minecraft:stone_button":20,"minecraft:cyan_carpet":13,"minecraft:lectern":3,"minecraft:red_terracotta":1134,"minecraft:polished_granite":131,"minecraft:diamond_ore":207,"minecraft:lilac":3,"minecraft:polished_andesite_slab":9,"minecraft:dark_oak_fence":154,"minecraft:white_stained_glass":88,"minecraft:green_concrete_powder":884,"minecraft:ice":183,"minecraft:iron_bars":762,"minecraft:acacia_log":672,"minecraft:brain_coral_fan":5,"minecraft:red_concrete":82,"minecraft:mycelium":182,"minecraft:sandstone_wall":14,"minecraft:netherrack":1616,"minecraft:light_gray_shulker_box":23,"minecraft:anvil":22,"minecraft:target":8,"minecraft:nether_brick_slab":74,"minecraft:jungle_trapdoor":4,"minecraft:blue_concrete":104,"minecraft:polished_diorite":736,"minecraft:shroomlight":19,"minecraft:red_shulker_box":140,"minecraft:cyan_shulker_box":45,"minecraft:iron_axe":4,"minecraft:brick_stairs":5,"minecraft:slime_block":285,"minecraft:smooth_quartz":6,"minecraft:totem_of_undying":2,"minecraft:melon_seeds":4,"minecraft:smooth_basalt":1,"minecraft:purple_concrete":233,"minecraft:glowstone":26,"minecraft:beef":2,"minecraft:iron_trapdoor":24,"minecraft:orange_terracotta":40,"minecraft:observer":279,"minecraft:pointed_dripstone":11,"minecraft:crimson_stem":6,"minecraft:water_bucket":2206,"minecraft:sandstone_stairs":140,"minecraft:yellow_shulker_box":74,"minecraft:smooth_sandstone_slab":806,"minecraft:cartography_table":25,"minecraft:red_mushroom_block":96,"minecraft:polished_blackstone_bricks":779,"minecraft:cracked_stone_bricks":729,"minecraft:pink_concrete":44,"minecraft:mossy_cobblestone":7,"minecraft:comparator":488,"minecraft:vine":18,"minecraft:tnt":14,"minecraft:crafting_table":103,"minecraft:oak_slab":227,"minecraft:birch_sign":4,"minecraft:lime_shulker_box":17,"minecraft:oak_log":432,"minecraft:dark_prismarine":19,"minecraft:cornflower":29,"minecraft:oxeye_daisy":28,"minecraft:stripped_jungle_log":28,"minecraft:sunflower":24,"minecraft:iron_pickaxe":2535,"minecraft:cyan_concrete":1,"minecraft:purpur_slab":62,"minecraft:crimson_nylium":9,"minecraft:chiseled_stone_bricks":52,"minecraft:cobblestone":1680,"minecraft:red_concrete_powder":481,"minecraft:sandstone_slab":109,"minecraft:glass_pane":145,"minecraft:kelp":142,"minecraft:brown_mushroom_block":135,"minecraft:iron_shovel":3456,"minecraft:diamond_hoe":617,"minecraft:oak_sign":207,"minecraft:white_concrete_powder":1915,"minecraft:white_terracotta":131,"minecraft:zombie_spawn_egg":64,"minecraft:iron_sword":42,"minecraft:purple_shulker_box":166,"minecraft:player_head":9,"minecraft:smooth_sandstone_stairs":217,"minecraft:debug_stick":5,"minecraft:carrot":1088,"minecraft:cyan_wool":22,"minecraft:polished_deepslate_stairs":72,"minecraft:glass":1628,"minecraft:cyan_terracotta":1,"minecraft:coal_ore":950,"minecraft:quartz_slab":724,"minecraft:hopper_minecart":85,"minecraft:stone_bricks":14093,"minecraft:bedrock":1,"minecraft:repeater":655,"minecraft:red_carpet":1031,"minecraft:redstone_lamp":265,"minecraft:honeycomb_block":908,"minecraft:magma_block":68,"minecraft:hay_block":42,"minecraft:scaffolding":3915,"minecraft:beetroot_seeds":1196,"minecraft:polished_blackstone_stairs":44,"minecraft:chiseled_polished_blackstone":182,"minecraft:dark_oak_stairs":369,"minecraft:dark_oak_sign":17,"minecraft:ender_pearl":17,"minecraft:redstone_block":387,"minecraft:yellow_terracotta":668,"minecraft:loom":4,"minecraft:light_gray_terracotta":182,"minecraft:deepslate_redstone_ore":68,"minecraft:sponge":395,"minecraft:note_block":7,"minecraft:dripstone_block":26,"minecraft:stone_brick_wall":39,"minecraft:shears":1357,"minecraft:redstone_torch":667,"minecraft:green_concrete":125,"minecraft:melon_slice":7,"minecraft:black_concrete":1,"minecraft:firework_rocket":1637,"minecraft:string":8,"minecraft:cyan_bed":3,"minecraft:birch_fence_gate":142,"minecraft:light_gray_concrete":63,"minecraft:gravel":2585,"minecraft:jungle_sign":21,"minecraft:grindstone":23,"minecraft:deepslate_coal_ore":17,"minecraft:andesite":1813,"minecraft:white_concrete":283,"minecraft:oak_fence":112,"minecraft:experience_bottle":1000,"minecraft:jungle_leaves":334,"minecraft:purpur_block":205,"minecraft:trident":115,"minecraft:redstone_ore":332,"minecraft:spruce_planks":421,"minecraft:wooden_shovel":429,"minecraft:white_carpet":49,"minecraft:hopper":3544,"minecraft:spruce_stairs":1180,"minecraft:cobblestone_wall":132,"minecraft:shulker_box":1670,"minecraft:oak_wood":72,"minecraft:granite":130,"minecraft:andesite_wall":131,"minecraft:stone_brick_slab":673,"minecraft:dark_oak_planks":680,"minecraft:bookshelf":97,"minecraft:yellow_stained_glass":1513,"minecraft:acacia_slab":717,"minecraft:polished_blackstone_brick_stairs":113,"minecraft:magma_cube_spawn_egg":1,"minecraft:golden_carrot":1431,"minecraft:emerald_block":35,"minecraft:white_stained_glass_pane":106,"minecraft:stone_pressure_plate":2,"minecraft:zombified_piglin_spawn_egg":5,"minecraft:cooked_mutton":69,"minecraft:acacia_boat":57,"minecraft:iron_ore":2,"minecraft:netherite_chestplate":1,"minecraft:glass_bottle":139,"minecraft:polished_andesite":2016,"minecraft:andesite_slab":20,"minecraft:magenta_stained_glass":3,"minecraft:stonecutter":11,"minecraft:beacon":26,"minecraft:cobblestone_slab":13,"minecraft:terracotta":2232,"minecraft:yellow_stained_glass_pane":17,"minecraft:light_gray_concrete_powder":558,"minecraft:painting":64,"minecraft:smoker":6,"minecraft:smooth_red_sandstone_stairs":43,"minecraft:dark_oak_door":6,"minecraft:purple_stained_glass":17,"minecraft:activator_rail":28,"minecraft:apple":173,"minecraft:map":19,"minecraft:cracked_polished_blackstone_bricks":4,"minecraft:netherite_axe":11068,"minecraft:fishing_rod":10,"minecraft:green_shulker_box":17,"minecraft:white_banner":2,"minecraft:jungle_door":1,"minecraft:red_banner":1,"minecraft:bucket":1660,"minecraft:polished_blackstone_button":2,"minecraft:smooth_stone":1257,"minecraft:splash_potion":11},"minecraft:crafted":{"minecraft:red_stained_glass_pane":168,"minecraft:black_dye":172,"minecraft:yellow_wool":68,"minecraft:oak_sign":273,"minecraft:melon":2,"minecraft:blaze_powder":258,"minecraft:chain":1461,"minecraft:blue_stained_glass_pane":8,"minecraft:diamond_shovel":4,"minecraft:shulker_box":64,"minecraft:beacon":1,"minecraft:light_blue_concrete_powder":1120,"minecraft:stone_pressure_plate":3,"minecraft:iron_door":126,"minecraft:black_wool":192,"minecraft:white_shulker_box":3,"minecraft:name_tag":4,"minecraft:lime_concrete_powder":952,"minecraft:redstone_lamp":120,"minecraft:polished_andesite_stairs":3,"minecraft:acacia_slab":748,"minecraft:smithing_table":51,"minecraft:sticky_piston":54,"minecraft:polished_deepslate_slab":126,"minecraft:painting":1,"minecraft:cartography_table":1,"minecraft:stone_brick_stairs":828,"minecraft:lectern":7,"minecraft:stone_slab":84,"minecraft:iron_pickaxe":12,"minecraft:sandstone":29,"minecraft:netherite_ingot":2,"minecraft:composter":359,"minecraft:polished_blackstone_bricks":64,"minecraft:dark_prismarine":64,"minecraft:cyan_wool":74,"minecraft:jungle_sign":24,"minecraft:golden_carrot":3883,"minecraft:orange_shulker_box":2,"minecraft:iron_nugget":5056,"minecraft:diamond_hoe":1,"minecraft:red_banner":1,"minecraft:jack_o_lantern":1,"minecraft:blue_shulker_box":2,"minecraft:lime_stained_glass_pane":8,"minecraft:spruce_fence":84,"minecraft:lantern":173,"minecraft:spruce_stairs":1012,"minecraft:light_gray_shulker_box":4,"minecraft:polished_diorite":740,"minecraft:black_concrete_powder":56,"minecraft:red_shulker_box":2,"minecraft:quartz_slab":102,"minecraft:spruce_boat":2,"minecraft:purpur_slab":64,"minecraft:enchanting_table":1,"minecraft:cyan_bed":4,"minecraft:yellow_stained_glass_pane":184,"minecraft:polished_blackstone_stairs":288,"minecraft:red_carpet":222,"minecraft:enchanted_book":45,"minecraft:orange_dye":656,"minecraft:oak_fence_gate":101,"minecraft:red_stained_glass":64,"minecraft:fermented_spider_eye":8,"minecraft:black_glazed_terracotta":80,"minecraft:black_stained_glass_pane":720,"minecraft:writable_book":5,"minecraft:iron_shovel":20,"minecraft:armor_stand":4,"minecraft:note_block":1,"minecraft:grindstone":3,"minecraft:cobblestone_slab":32,"minecraft:barrel":65,"minecraft:cooked_chicken":12,"minecraft:stone":3164,"minecraft:heavy_weighted_pressure_plate":1,"minecraft:quartz_pillar":132,"minecraft:warped_planks":52,"minecraft:polished_blackstone_button":1,"minecraft:cake":12,"minecraft:stone_brick_slab":1108,"minecraft:orange_stained_glass_pane":8,"minecraft:bow":24,"minecraft:comparator":289,"minecraft:polished_basalt":192,"minecraft:chest":3285,"minecraft:netherite_helmet":1,"minecraft:oak_button":7,"minecraft:jungle_stairs":40,"minecraft:rail":2818,"minecraft:blue_concrete_powder":448,"minecraft:bricks":117,"minecraft:birch_button":48,"minecraft:ender_eye":64,"minecraft:stone_bricks":4639,"minecraft:oak_fence":114,"minecraft:golden_boots":2,"minecraft:sea_lantern":321,"minecraft:magma_block":656,"minecraft:white_banner":1,"minecraft:dropper":4,"minecraft:cauldron":1,"minecraft:brown_dye":96,"minecraft:red_wool":156,"minecraft:chiseled_polished_blackstone":96,"minecraft:acacia_button":7,"minecraft:white_stained_glass_pane":376,"minecraft:dispenser":19,"minecraft:prismarine_brick_slab":384,"minecraft:apple":376,"minecraft:tnt":267,"minecraft:spruce_trapdoor":456,"minecraft:purple_dye":514,"minecraft:yellow_dye":2776,"minecraft:stick":5429,"minecraft:iron_ingot":13958,"minecraft:light_blue_shulker_box":1,"minecraft:cyan_carpet":24,"minecraft:deepslate_bricks":64,"minecraft:beetroot_soup":16,"minecraft:nether_brick_slab":128,"minecraft:stone_brick_wall":642,"minecraft:fishing_rod":1,"minecraft:netherite_sword":1,"minecraft:golden_chestplate":2,"minecraft:furnace":128,"minecraft:blast_furnace":1,"minecraft:piston":34,"minecraft:polished_andesite_slab":36,"minecraft:oak_trapdoor":528,"minecraft:flint_and_steel":5,"minecraft:scaffolding":1148,"minecraft:netherite_chestplate":1,"minecraft:white_concrete_powder":9312,"minecraft:cobblestone_wall":318,"minecraft:brown_shulker_box":1,"minecraft:honey_block":1285,"minecraft:birch_sign":3,"minecraft:glistering_melon_slice":33,"minecraft:smooth_sandstone_stairs":335,"minecraft:purple_terracotta":384,"minecraft:iron_trapdoor":24,"minecraft:purple_shulker_box":2,"minecraft:diorite_wall":6,"minecraft:iron_sword":2,"minecraft:jungle_planks":6768,"minecraft:jungle_door":3,"minecraft:white_dye":2077,"minecraft:black_carpet":288,"minecraft:blue_wool":6,"minecraft:anvil":2,"minecraft:stonecutter":1,"minecraft:andesite":7,"minecraft:torch":4496,"minecraft:ender_chest":64,"minecraft:light_gray_concrete_powder":576,"minecraft:smooth_stone":1056,"minecraft:cut_sandstone":1376,"minecraft:cut_sandstone_slab":1170,"minecraft:oak_pressure_plate":33,"minecraft:birch_slab":662,"minecraft:polished_blackstone_slab":210,"minecraft:slime_block":113,"minecraft:loom":1,"minecraft:lever":121,"minecraft:bookshelf":47,"minecraft:cooked_mutton":5,"minecraft:iron_bars":1584,"minecraft:red_concrete_powder":720,"minecraft:quartz_block":935,"minecraft:glass":302,"minecraft:repeater":630,"minecraft:cyan_stained_glass_pane":8,"minecraft:melon_seeds":326,"minecraft:birch_fence_gate":48,"minecraft:polished_blackstone":484,"minecraft:chiseled_quartz_block":24,"minecraft:glass_bottle":1341,"minecraft:furnace_minecart":2,"minecraft:target":7,"minecraft:wooden_shovel":11,"minecraft:emerald":5882,"minecraft:smooth_quartz":297,"minecraft:cooked_porkchop":22,"minecraft:diamond_axe":2,"minecraft:prismarine_bricks":583,"minecraft:spruce_door":3,"minecraft:hay_block":95,"minecraft:lime_shulker_box":2,"minecraft:dark_oak_sapling":4,"minecraft:compass":76,"minecraft:iron_block":933,"minecraft:gold_ingot":37626,"minecraft:light_gray_dye":2670,"minecraft:spruce_fence_gate":2,"minecraft:yellow_concrete_powder":392,"minecraft:smooth_stone_slab":4120,"minecraft:player_head":311,"minecraft:bone_meal":52003,"minecraft:andesite_wall":384,"minecraft:pink_dye":76,"minecraft:white_carpet":216,"minecraft:warped_trapdoor":60,"minecraft:diamond":270,"minecraft:dark_oak_fence":156,"minecraft:detector_rail":6,"minecraft:ladder":27,"minecraft:spruce_slab":852,"minecraft:blue_banner":1,"minecraft:redstone_block":689,"minecraft:jungle_fence":6,"minecraft:dark_oak_planks":5887,"minecraft:golden_helmet":1,"minecraft:wheat":13568,"minecraft:coal_block":165,"minecraft:daylight_detector":1,"minecraft:netherite_pickaxe":3,"minecraft:polished_blackstone_brick_slab":240,"minecraft:dried_kelp":544,"minecraft:polished_granite":148,"minecraft:sandstone_slab":204,"minecraft:glowstone":92,"minecraft:white_stained_glass":520,"minecraft:jungle_slab":1380,"minecraft:sandstone_wall":216,"minecraft:golden_apple":15,"minecraft:cobblestone":9,"minecraft:andesite_slab":18,"minecraft:cyan_shulker_box":2,"minecraft:oak_stairs":148,"minecraft:wooden_axe":2,"minecraft:iron_leggings":2,"minecraft:white_bed":6,"minecraft:oak_planks":14265,"minecraft:cobblestone_stairs":60,"minecraft:spruce_pressure_plate":3,"minecraft:suspicious_stew":15,"minecraft:purpur_stairs":48,"minecraft:dark_oak_door":6,"minecraft:hopper":345,"minecraft:honey_bottle":64,"minecraft:iron_boots":2,"minecraft:chiseled_stone_bricks":32,"minecraft:smoker":1,"minecraft:quartz_stairs":32,"minecraft:oak_slab":384,"minecraft:item_frame":168,"minecraft:map":74,"minecraft:crafting_table":102,"minecraft:spruce_planks":8659,"minecraft:baked_potato":454,"minecraft:hopper_minecart":79,"minecraft:gold_block":2400,"minecraft:birch_planks":5085,"minecraft:dark_oak_slab":2712,"minecraft:paper":8552,"minecraft:iron_chestplate":3,"minecraft:book":268,"minecraft:emerald_block":25,"minecraft:diamond_pickaxe":8,"minecraft:shield":1,"minecraft:light_weighted_pressure_plate":128,"minecraft:warped_slab":6,"minecraft:light_blue_dye":156,"minecraft:netherite_hoe":1,"minecraft:leather_chestplate":1,"minecraft:snow_block":2,"minecraft:green_shulker_box":2,"minecraft:redstone_torch":2035,"minecraft:shears":33,"minecraft:light_gray_stained_glass_pane":472,"minecraft:green_carpet":3,"minecraft:sandstone_stairs":256,"minecraft:polished_andesite":1722,"minecraft:coarse_dirt":128,"minecraft:cookie":288,"minecraft:redstone":9904,"minecraft:coal":1888,"minecraft:light_gray_stained_glass":120,"minecraft:stone_button":7,"minecraft:dark_oak_trapdoor":24,"minecraft:jungle_trapdoor":4,"minecraft:dark_oak_sign":15,"minecraft:diamond_block":80,"minecraft:glass_pane":688,"minecraft:blue_ice":1,"minecraft:yellow_shulker_box":2,"minecraft:polished_deepslate":128,"minecraft:green_concrete_powder":512,"minecraft:black_terracotta":544,"minecraft:iron_axe":1,"minecraft:iron_hoe":3,"minecraft:slime_ball":1029,"minecraft:orange_concrete_powder":400,"minecraft:lime_dye":180,"minecraft:netherite_scrap":10,"minecraft:observer":63,"minecraft:minecart":118,"minecraft:cooked_beef":5,"minecraft:sugar":10,"minecraft:red_dye":1601,"minecraft:cyan_concrete_powder":448,"minecraft:bone_block":1101,"minecraft:diamond_sword":1,"minecraft:cyan_dye":264,"minecraft:spruce_sign":51,"minecraft:dark_oak_stairs":800,"minecraft:pink_concrete_powder":568,"minecraft:powered_rail":54,"minecraft:yellow_carpet":102,"minecraft:smooth_sandstone":213,"minecraft:bowl":4,"minecraft:nether_bricks":176,"minecraft:bucket":34,"minecraft:air":0,"minecraft:bread":789,"minecraft:blue_dye":1371,"minecraft:black_stained_glass":296,"minecraft:oak_boat":37,"minecraft:smooth_sandstone_slab":1039,"minecraft:white_wool":12,"minecraft:gold_nugget":676,"minecraft:green_wool":2,"minecraft:pumpkin_pie":48,"minecraft:acacia_planks":688,"minecraft:purple_concrete_powder":1008,"minecraft:lapis_lazuli":622,"minecraft:lapis_block":62,"minecraft:firework_rocket":17864},"minecraft:custom":{"minecraft:interact_with_crafting_table":1671,"minecraft:damage_blocked_by_shield":2280,"minecraft:play_time":57290025,"minecraft:deaths":33,"minecraft:jump":209714,"minecraft:interact_with_cartography_table":42,"minecraft:interact_with_smoker":12,"minecraft:inspect_dispenser":228,"minecraft:horse_one_cm":19542,"minecraft:inspect_dropper":669,"minecraft:interact_with_anvil":167,"minecraft:inspect_hopper":6402,"minecraft:tune_noteblock":22,"minecraft:time_since_rest":73271,"minecraft:swim_one_cm":2623477,"minecraft:open_chest":21678,"minecraft:open_shulker_box":11675,"minecraft:damage_resisted":1886,"minecraft:play_noteblock":2,"minecraft:talked_to_villager":1057,"minecraft:interact_with_brewingstand":140,"minecraft:interact_with_beacon":59,"minecraft:fill_cauldron":1,"minecraft:raid_win":2,"minecraft:boat_one_cm":3362803,"minecraft:damage_taken":196665,"minecraft:aviate_one_cm":297183876,"minecraft:open_barrel":917,"minecraft:leave_game":871,"minecraft:time_since_death":1831105,"minecraft:enchant_item":79,"minecraft:interact_with_furnace":1297,"minecraft:traded_with_villager":7886,"minecraft:sleep_in_bed":1133,"minecraft:damage_dealt":639491,"minecraft:use_cauldron":1,"minecraft:interact_with_smithing_table":14,"minecraft:sneak_time":2272269,"minecraft:interact_with_lectern":3,"minecraft:interact_with_blast_furnace":14,"minecraft:total_world_time":5207224,"minecraft:interact_with_stonecutter":128,"minecraft:fly_one_cm":59068569,"minecraft:fall_one_cm":4948105,"minecraft:animals_bred":1051,"minecraft:sprint_one_cm":56468856,"minecraft:drop":12201,"minecraft:walk_on_water_one_cm":2320004,"minecraft:interact_with_loom":4,"minecraft:open_enderchest":1653,"minecraft:player_kills":14,"minecraft:crouch_one_cm":7877721,"minecraft:mob_kills":280124,"minecraft:climb_one_cm":1259431,"minecraft:walk_one_cm":40320193,"minecraft:walk_under_water_one_cm":5115102,"minecraft:raid_trigger":3,"minecraft:interact_with_grindstone":16,"minecraft:minecart_one_cm":798},"minecraft:picked_up":{"minecraft:suspicious_stew":8,"minecraft:smithing_table":5,"minecraft:lead":84,"minecraft:stone_slab":25,"minecraft:enchanted_book":126,"minecraft:purple_shulker_box":168,"minecraft:blue_concrete":5535,"minecraft:polished_deepslate":14,"minecraft:polished_blackstone_brick_stairs":2,"minecraft:string":3999,"minecraft:beetroot_soup":12,"minecraft:pufferfish":118,"minecraft:shroomlight":22,"minecraft:diamond_leggings":11,"minecraft:hopper_minecart":12,"minecraft:diamond_ore":124,"minecraft:spruce_pressure_plate":2,"minecraft:polished_blackstone_brick_slab":306,"minecraft:polished_blackstone_stairs":291,"minecraft:acacia_log":712,"minecraft:purpur_pillar":110,"minecraft:honeycomb_block":174,"minecraft:golden_chestplate":10,"minecraft:cyan_stained_glass_pane":17,"minecraft:cauldron":119,"minecraft:stone_sword":8,"minecraft:honey_bottle":696,"minecraft:polished_basalt":34,"minecraft:carved_pumpkin":8,"minecraft:glowstone":382,"minecraft:bookshelf":51,"minecraft:end_rod":153,"minecraft:white_terracotta":2579,"minecraft:blaze_rod":188,"minecraft:iron_bars":3073,"minecraft:snowball":588,"minecraft:sponge":475,"minecraft:cooked_beef":574,"minecraft:feather":102,"minecraft:water_bucket":48,"minecraft:brown_wool":9,"minecraft:flint":1192,"minecraft:purple_stained_glass":62,"minecraft:pink_concrete_powder":1420,"minecraft:cyan_concrete_powder":406,"minecraft:magenta_terracotta":7092,"minecraft:lantern":390,"minecraft:large_amethyst_bud":1,"minecraft:stonecutter":10,"minecraft:dark_oak_sign":11,"minecraft:diamond_helmet":16,"minecraft:sheep_spawn_egg":64,"minecraft:chiseled_polished_blackstone":209,"minecraft:birch_fence_gate":26,"minecraft:stripped_spruce_log":847,"minecraft:brown_mushroom_block":318,"minecraft:iron_hoe":8,"minecraft:polished_andesite":450,"minecraft:deepslate":3250,"minecraft:lever":63,"minecraft:granite":20530,"minecraft:cyan_dye":417,"minecraft:deepslate_coal_ore":35,"minecraft:jack_o_lantern":1,"minecraft:crimson_roots":8,"minecraft:diamond_pickaxe":35,"minecraft:bee_nest":9,"minecraft:clay_ball":504,"minecraft:leather_leggings":8,"minecraft:redstone_lamp":458,"minecraft:dragon_head":8,"minecraft:purpur_block":354,"minecraft:cornflower":632,"minecraft:elytra":12,"minecraft:flint_and_steel":14,"minecraft:white_carpet":264,"minecraft:white_stained_glass":232,"minecraft:iron_shovel":43,"minecraft:glass_pane":335,"minecraft:netherite_sword":18,"minecraft:jungle_sapling":823,"minecraft:poppy":625,"minecraft:spruce_slab":857,"minecraft:minecart":100,"minecraft:birch_sapling":2862,"minecraft:piston":187,"minecraft:diamond_hoe":4,"minecraft:copper_ore":10,"minecraft:lime_shulker_box":17,"minecraft:stone":55261,"minecraft:fire_charge":50,"minecraft:white_dye":834,"minecraft:netherite_pickaxe":14,"minecraft:cyan_shulker_box":44,"minecraft:jungle_sign":39,"minecraft:diamond_chestplate":12,"minecraft:purpur_slab":20,"minecraft:hay_block":42,"minecraft:yellow_terracotta":1641,"minecraft:totem_of_undying":2,"minecraft:polished_blackstone":95,"minecraft:mutton":31,"minecraft:rail":1776,"minecraft:bone_block":1651,"minecraft:oxeye_daisy":402,"minecraft:yellow_shulker_box":74,"minecraft:tripwire_hook":126,"minecraft:yellow_dye":3470,"minecraft:jungle_fence":19,"minecraft:purpur_stairs":153,"minecraft:lily_pad":3,"minecraft:diorite_stairs":113,"minecraft:paper":5936,"minecraft:apple":758,"minecraft:warped_stem":161,"minecraft:yellow_stained_glass":137,"minecraft:oak_fence_gate":166,"minecraft:stone_pickaxe":4,"minecraft:iron_ore":766,"minecraft:magenta_stained_glass":7,"minecraft:dark_oak_stairs":278,"minecraft:polished_andesite_stairs":1,"minecraft:smooth_basalt":14,"minecraft:sweet_berries":11,"minecraft:red_wool":927,"minecraft:lime_concrete":9431,"minecraft:crying_obsidian":104,"minecraft:dragon_egg":2,"minecraft:leather_helmet":1,"minecraft:diamond_shovel":18,"minecraft:coal_ore":1287,"minecraft:slime_ball":3664,"minecraft:deepslate_redstone_ore":80,"minecraft:painting":63,"minecraft:birch_sign":16,"minecraft:polished_blackstone_brick_wall":1,"minecraft:baked_potato":172,"minecraft:hopper":3798,"minecraft:black_carpet":138,"minecraft:light_blue_concrete":6265,"minecraft:ender_chest":311,"minecraft:nether_brick_fence":3,"minecraft:stone_brick_stairs":356,"minecraft:lapis_block":1,"minecraft:deepslate_lapis_ore":7,"minecraft:experience_bottle":76,"minecraft:red_sand":187,"minecraft:smooth_stone":2720,"minecraft:comparator":493,"minecraft:bucket":59,"minecraft:red_dye":818,"minecraft:rose_bush":19,"minecraft:cobblestone_slab":115,"minecraft:iron_pickaxe":9,"minecraft:wooden_shovel":9,"minecraft:smooth_quartz":126,"minecraft:smooth_quartz_stairs":113,"minecraft:deepslate_iron_ore":14,"minecraft:polished_deepslate_stairs":84,"minecraft:spruce_stairs":1383,"minecraft:netherite_shovel":7,"minecraft:diorite":20235,"minecraft:vine":426,"minecraft:andesite_wall":25,"minecraft:rotten_flesh":8643,"minecraft:brown_shulker_box":4,"minecraft:deepslate_copper_ore":19,"minecraft:obsidian":2806,"minecraft:blaze_powder":598,"minecraft:cobblestone":73856,"minecraft:enchanting_table":4,"minecraft:leather_chestplate":8,"minecraft:lilac":22,"minecraft:repeater":767,"minecraft:andesite":24010,"minecraft:golden_leggings":9,"minecraft:beacon":26,"minecraft:potato":4511,"minecraft:smooth_sandstone_stairs":499,"minecraft:prismarine_bricks":644,"minecraft:dirt":74880,"minecraft:stripped_birch_log":50,"minecraft:cut_sandstone_slab":1544,"minecraft:name_tag":9,"minecraft:glass":1265,"minecraft:bone":7232,"minecraft:acacia_planks":115,"minecraft:bow":87,"minecraft:wheat_seeds":9413,"minecraft:grindstone":7,"minecraft:netherite_axe":3,"minecraft:mossy_stone_bricks":5,"minecraft:bamboo":37939,"minecraft:cyan_concrete":5351,"minecraft:prismarine":1327,"minecraft:diorite_wall":5,"minecraft:black_stained_glass_pane":16,"minecraft:light_blue_shulker_box":8,"minecraft:melon":214,"minecraft:grass_block":37526,"minecraft:diamond_block":62,"minecraft:jungle_slab":1988,"minecraft:spectral_arrow":458,"minecraft:mossy_cobblestone":245,"minecraft:jungle_leaves":336,"minecraft:light_gray_terracotta":1605,"minecraft:sugar":5,"minecraft:yellow_carpet":12,"minecraft:slime_block":216,"minecraft:netherite_helmet":4,"minecraft:yellow_stained_glass_pane":20,"minecraft:cracked_polished_blackstone_bricks":22,"minecraft:crossbow":11,"minecraft:bone_meal":16709,"minecraft:grass":3,"minecraft:spruce_sign":70,"minecraft:emerald":850,"minecraft:netherrack":9784,"minecraft:andesite_slab":71,"minecraft:oak_leaves":12,"minecraft:azure_bluet":527,"minecraft:splash_potion":31,"minecraft:ladder":42,"minecraft:brown_mushroom":286,"minecraft:packed_ice":842,"minecraft:stone_brick_wall":93,"minecraft:chain":3,"minecraft:shield":10,"minecraft:brick":1,"minecraft:oak_trapdoor":227,"minecraft:mycelium":3925,"minecraft:birch_fence":121,"minecraft:blackstone":2689,"minecraft:end_stone":592,"minecraft:note_block":3,"minecraft:polished_blackstone_bricks":152,"minecraft:cookie":150,"minecraft:trident":1,"minecraft:light_gray_stained_glass_pane":152,"minecraft:brown_dye":101,"minecraft:stone_pressure_plate":5,"minecraft:purple_terracotta":457,"minecraft:blue_concrete_powder":424,"minecraft:weeping_vines":44,"minecraft:red_shulker_box":143,"minecraft:nether_bricks":97,"minecraft:glistering_melon_slice":3,"minecraft:brick_stairs":13,"minecraft:netherite_boots":5,"minecraft:purple_dye":379,"minecraft:basalt":1195,"minecraft:golden_carrot":406,"minecraft:leather":1332,"minecraft:ice":845,"minecraft:crimson_fungus":4,"minecraft:chainmail_chestplate":3,"minecraft:cobblestone_wall":1765,"minecraft:gunpowder":5328,"minecraft:orange_terracotta":4792,"minecraft:cooked_mutton":3,"minecraft:red_carpet":845,"minecraft:spruce_wood":1,"minecraft:iron_ingot":7409,"minecraft:cooked_chicken":19,"minecraft:polished_andesite_slab":3,"minecraft:warped_fungus":2,"minecraft:nether_quartz_ore":718,"minecraft:emerald_block":12,"minecraft:stone_brick_slab":928,"minecraft:quartz":7788,"minecraft:dandelion":1019,"minecraft:lava_bucket":7,"minecraft:amethyst_shard":6,"minecraft:red_banner":1,"minecraft:nether_brick_slab":6,"minecraft:spruce_door":5,"minecraft:cut_red_sandstone":204,"minecraft:light_blue_concrete_powder":709,"minecraft:pumpkin_seeds":102,"minecraft:white_concrete_powder":637,"minecraft:chainmail_leggings":2,"minecraft:mossy_cobblestone_stairs":1,"minecraft:terracotta":8010,"minecraft:damaged_anvil":15,"minecraft:netherite_hoe":4,"minecraft:sunflower":58,"minecraft:wooden_axe":2,"minecraft:seagrass":49,"minecraft:iron_chestplate":6,"minecraft:creeper_head":1,"minecraft:anvil":37,"minecraft:prismarine_shard":113,"minecraft:diamond_sword":29,"minecraft:oak_stairs":313,"minecraft:birch_button":252,"minecraft:brewing_stand":18,"minecraft:golden_sword":955,"minecraft:amethyst_block":437,"minecraft:dark_oak_trapdoor":1,"minecraft:soul_soil":94,"minecraft:blue_stained_glass_pane":23,"minecraft:beetroot":2876,"minecraft:orange_concrete_powder":757,"minecraft:gold_nugget":2861,"minecraft:cobbled_deepslate":5120,"minecraft:black_glazed_terracotta":491,"minecraft:spruce_planks":419,"minecraft:written_book":9,"minecraft:melon_slice":142,"minecraft:coal_block":21,"minecraft:dark_oak_door":5,"minecraft:golden_helmet":14,"minecraft:white_glazed_terracotta":4,"minecraft:composter":26,"minecraft:sandstone_wall":73,"minecraft:black_dye":744,"minecraft:blue_dye":1117,"minecraft:iron_block":3854,"minecraft:cyan_terracotta":67,"minecraft:netherite_chestplate":6,"minecraft:birch_log":1418,"minecraft:magma_block":1791,"minecraft:mossy_cobblestone_slab":3,"minecraft:iron_door":6,"minecraft:birch_slab":2002,"minecraft:jungle_log":3461,"minecraft:acacia_leaves":8,"minecraft:green_concrete_powder":408,"minecraft:smoker":5,"minecraft:netherite_leggings":4,"minecraft:map":5,"minecraft:gray_concrete":5374,"minecraft:light_gray_concrete_powder":142,"minecraft:chipped_anvil":1,"minecraft:glowstone_dust":311,"minecraft:dropper":2031,"minecraft:ink_sac":76,"minecraft:loom":3,"minecraft:fermented_spider_eye":12,"minecraft:dark_oak_log":3718,"minecraft:red_terracotta":6234,"minecraft:barrel":200,"minecraft:quartz_bricks":189,"minecraft:dispenser":811,"minecraft:black_concrete_powder":168,"minecraft:green_concrete":5348,"minecraft:writable_book":6,"minecraft:chainmail_helmet":1,"minecraft:bread":133,"minecraft:dark_oak_fence":159,"minecraft:bricks":244,"minecraft:spruce_leaves":668,"minecraft:lime_stained_glass_pane":16,"minecraft:crafting_table":74,"minecraft:coarse_dirt":45,"minecraft:sandstone_slab":339,"minecraft:purple_wool":53,"minecraft:nether_wart":575,"minecraft:orange_stained_glass_pane":16,"minecraft:jungle_trapdoor":4,"minecraft:snow":12,"minecraft:netherite_scrap":1,"minecraft:compass":10,"minecraft:cracked_stone_bricks":139,"minecraft:cartography_table":24,"minecraft:deepslate_diamond_ore":5,"minecraft:beef":129,"minecraft:cyan_wool":4,"minecraft:iron_nugget":1376,"minecraft:quartz_stairs":91,"minecraft:chest":2743,"minecraft:egg":176,"minecraft:sandstone":52417,"minecraft:polished_deepslate_slab":124,"minecraft:amethyst_cluster":1,"minecraft:spruce_fence":119,"minecraft:cake":1,"minecraft:carrot":4134,"minecraft:redstone":8065,"minecraft:mushroom_stem":73,"minecraft:prismarine_crystals":52,"minecraft:blue_carpet":288,"minecraft:tnt":10,"minecraft:cooked_cod":27,"minecraft:beetroot_seeds":3992,"minecraft:peony":49,"minecraft:shears":54,"minecraft:deepslate_bricks":109,"minecraft:diamond_boots":13,"minecraft:sandstone_stairs":972,"minecraft:gold_ingot":1858,"minecraft:white_shulker_box":294,"minecraft:lime_concrete_powder":148,"minecraft:white_wool":601,"minecraft:lapis_ore":46,"minecraft:stripped_oak_log":4,"minecraft:smooth_red_sandstone_stairs":233,"minecraft:red_mushroom_block":255,"minecraft:red_mushroom":121,"minecraft:filled_map":297,"minecraft:brown_concrete":5319,"minecraft:oak_log":3642,"minecraft:ancient_debris":10,"minecraft:golden_boots":7,"minecraft:white_banner":32,"minecraft:stone_bricks":22506,"minecraft:kelp":2025,"minecraft:glass_bottle":10275,"minecraft:iron_sword":5,"minecraft:white_stained_glass_pane":413,"minecraft:dark_oak_slab":347,"minecraft:daylight_detector":125,"minecraft:yellow_concrete":6671,"minecraft:gravel":37561,"minecraft:small_amethyst_bud":1,"minecraft:spruce_sapling":2107,"minecraft:spruce_log":8018,"minecraft:sea_lantern":306,"minecraft:firework_rocket":4833,"minecraft:red_stained_glass":16,"minecraft:polished_diorite":1126,"minecraft:redstone_ore":429,"minecraft:diamond_axe":19,"minecraft:gray_wool":8,"minecraft:warped_roots":1,"minecraft:oak_button":3,"minecraft:melon_seeds":59,"minecraft:stripped_dark_oak_log":11,"minecraft:pink_dye":20,"minecraft:ender_pearl":6566,"minecraft:shulker_shell":363,"minecraft:chiseled_deepslate":59,"minecraft:wheat":4025,"minecraft:redstone_block":458,"minecraft:iron_trapdoor":4,"minecraft:light_gray_shulker_box":22,"minecraft:turtle_egg":8,"minecraft:potion":221,"minecraft:nether_brick":411,"minecraft:smooth_stone_slab":1836,"minecraft:iron_leggings":8,"minecraft:armor_stand":14,"minecraft:sticky_piston":124,"minecraft:oak_sign":206,"minecraft:sea_pickle":2,"minecraft:activator_rail":660,"minecraft:deepslate_tiles":16,"minecraft:dark_oak_leaves":3,"minecraft:redstone_torch":2128,"minecraft:calcite":579,"minecraft:iron_boots":27,"minecraft:furnace":207,"minecraft:stick":14150,"minecraft:orange_shulker_box":31,"minecraft:brown_terracotta":2957,"minecraft:oak_fence":19,"minecraft:torch":9138,"minecraft:porkchop":24,"minecraft:dried_kelp":609,"minecraft:target":1,"minecraft:dead_brain_coral_fan":5,"minecraft:pointed_dripstone":56,"minecraft:yellow_concrete_powder":476,"minecraft:quartz_block":22,"minecraft:cactus":152,"minecraft:cod":42,"minecraft:nautilus_shell":1,"minecraft:magma_cream":5077,"minecraft:chiseled_quartz_block":13,"minecraft:tuff":255,"minecraft:light_gray_dye":6822,"minecraft:warped_trapdoor":6,"minecraft:acacia_boat":62,"minecraft:green_shulker_box":18,"minecraft:lapis_lazuli":1349,"minecraft:polished_granite":417,"minecraft:leather_boots":19,"minecraft:deepslate_brick_slab":116,"minecraft:raw_gold":303,"minecraft:cobbled_deepslate_slab":129,"minecraft:bell":8,"minecraft:light_blue_dye":17,"minecraft:powered_rail":1039,"minecraft:oak_planks":408,"minecraft:stone_hoe":1,"minecraft:pink_concrete":5445,"minecraft:cooked_porkchop":12,"minecraft:oak_pressure_plate":3,"minecraft:poisonous_potato":46,"minecraft:polished_blackstone_slab":368,"minecraft:jungle_planks":377,"minecraft:sand":88968,"minecraft:cyan_bed":2,"minecraft:shulker_box":1790,"minecraft:orange_wool":1,"minecraft:dark_prismarine":102,"minecraft:light_gray_concrete":5881,"minecraft:spruce_fence_gate":6,"minecraft:clay":39,"minecraft:diamond":632,"minecraft:spruce_boat":4,"minecraft:black_concrete":6282,"minecraft:polished_blackstone_button":1,"minecraft:white_concrete":9386,"minecraft:chiseled_red_sandstone":39,"minecraft:oak_sapling":6599,"minecraft:bubble_coral_block":19,"minecraft:nether_star":1,"minecraft:end_stone_bricks":53,"minecraft:fishing_rod":9,"minecraft:cocoa_beans":347,"minecraft:chicken":69,"minecraft:turtle_helmet":1,"minecraft:gold_block":275,"minecraft:diamond_horse_armor":10,"minecraft:dragon_breath":2,"minecraft:iron_axe":1,"minecraft:orange_concrete":5432,"minecraft:item_frame":448,"minecraft:quartz_slab":288,"minecraft:cyan_carpet":5,"minecraft:detector_rail":1,"minecraft:dark_prismarine_stairs":1,"minecraft:andesite_stairs":2,"minecraft:oak_boat":118,"minecraft:player_head":302,"minecraft:observer":499,"minecraft:light_gray_wool":1,"minecraft:lectern":1,"minecraft:blue_shulker_box":19,"minecraft:sugar_cane":19786,"minecraft:spruce_trapdoor":602,"minecraft:phantom_membrane":18,"minecraft:dark_oak_sapling":299,"minecraft:raw_iron":2984,"minecraft:orange_dye":1088,"minecraft:red_stained_glass_pane":543,"minecraft:bowl":12,"minecraft:quartz_pillar":54,"minecraft:stone_button":13,"minecraft:iron_horse_armor":4,"minecraft:dark_oak_planks":502,"minecraft:smooth_sandstone_slab":951,"minecraft:arrow":6230,"minecraft:jungle_stairs":242,"minecraft:saddle":21,"minecraft:wet_sponge":454,"minecraft:glow_ink_sac":161,"minecraft:crimson_stem":157,"minecraft:cut_sandstone":3250,"minecraft:birch_planks":169,"minecraft:nether_wart_block":601,"minecraft:cobblestone_stairs":120,"minecraft:deepslate_tile_slab":128,"minecraft:podzol":640,"minecraft:smooth_sandstone":986,"minecraft:acacia_sapling":217,"minecraft:soul_sand":2478,"minecraft:purple_concrete":8718,"minecraft:green_dye":906,"minecraft:book":630,"minecraft:scaffolding":4378,"minecraft:oak_slab":516,"minecraft:red_concrete_powder":721,"minecraft:pumpkin":60,"minecraft:chiseled_stone_bricks":31,"minecraft:dripstone_block":148,"minecraft:blast_furnace":4,"minecraft:white_bed":69,"minecraft:gold_ore":187,"minecraft:green_carpet":492,"minecraft:spider_eye":205,"minecraft:stripped_jungle_log":97,"minecraft:lime_dye":126,"minecraft:dried_kelp_block":379,"minecraft:honey_block":1390,"minecraft:iron_helmet":4,"minecraft:magenta_concrete":6591,"minecraft:acacia_slab":828,"minecraft:black_wool":4,"minecraft:red_concrete":7099,"minecraft:coal":11300,"minecraft:purple_concrete_powder":856},"minecraft:dropped":{"minecraft:iron_sword":3,"minecraft:lapis_lazuli":107,"minecraft:glass_bottle":132,"minecraft:diamond":47,"minecraft:crafting_table":3,"minecraft:lime_concrete_powder":49,"minecraft:cooked_porkchop":15,"minecraft:dark_oak_slab":64,"minecraft:cracked_stone_bricks":73,"minecraft:quartz_pillar":2,"minecraft:red_mushroom":59,"minecraft:gold_block":60,"minecraft:emerald":312,"minecraft:dark_oak_fence":10,"minecraft:writable_book":5,"minecraft:gold_nugget":212,"minecraft:bubble_coral_block":19,"minecraft:sand":5926,"minecraft:purple_wool":1,"minecraft:fishing_rod":4,"minecraft:dark_oak_planks":226,"minecraft:fermented_spider_eye":6,"minecraft:white_wool":83,"minecraft:dark_oak_door":1,"minecraft:compass":2,"minecraft:lever":1,"minecraft:iron_nugget":798,"minecraft:cooked_chicken":15,"minecraft:dead_brain_coral":1,"minecraft:black_carpet":98,"minecraft:wheat":80,"minecraft:netherite_sword":13,"minecraft:obsidian":264,"minecraft:rotten_flesh":913,"minecraft:oak_planks":120,"minecraft:glowstone_dust":1,"minecraft:quartz_bricks":64,"minecraft:nether_brick_fence":3,"minecraft:azure_bluet":110,"minecraft:sea_lantern":65,"minecraft:coal_ore":46,"minecraft:diorite_wall":10,"minecraft:jungle_log":2047,"minecraft:leather_boots":11,"minecraft:acacia_sapling":70,"minecraft:leather_leggings":4,"minecraft:painting":1,"minecraft:glass":394,"minecraft:beef":9,"minecraft:podzol":525,"minecraft:stone_brick_stairs":98,"minecraft:dead_brain_coral_fan":1,"minecraft:golden_boots":2,"minecraft:orange_shulker_box":1,"minecraft:wheat_seeds":694,"minecraft:deepslate_redstone_ore":12,"minecraft:smooth_quartz_stairs":10,"minecraft:light_gray_stained_glass_pane":112,"minecraft:book":220,"minecraft:prismarine_crystals":9,"minecraft:sheep_spawn_egg":27,"minecraft:yellow_carpet":72,"minecraft:lava_bucket":2,"minecraft:diamond_horse_armor":2,"minecraft:gray_wool":2,"minecraft:ink_sac":17,"minecraft:wooden_axe":6,"minecraft:potion":40,"minecraft:oak_stairs":82,"minecraft:smooth_sandstone_slab":271,"minecraft:white_banner":15,"minecraft:red_dye":251,"minecraft:smooth_stone":432,"minecraft:smooth_sandstone":288,"minecraft:blue_carpet":282,"minecraft:acacia_planks":141,"minecraft:stone_brick_slab":746,"minecraft:yellow_concrete_powder":410,"minecraft:soul_soil":64,"minecraft:netherite_hoe":3,"minecraft:player_head":113,"minecraft:cocoa_beans":38,"minecraft:chiseled_red_sandstone":19,"minecraft:sticky_piston":12,"minecraft:orange_concrete":9,"minecraft:experience_bottle":64,"minecraft:white_carpet":186,"minecraft:iron_boots":10,"minecraft:name_tag":9,"minecraft:light_gray_concrete":130,"minecraft:white_terracotta":155,"minecraft:white_shulker_box":7,"minecraft:oak_sign":20,"minecraft:shears":82,"minecraft:suspicious_stew":16,"minecraft:diamond_sword":14,"minecraft:cyan_wool":1,"minecraft:peony":20,"minecraft:spruce_trapdoor":62,"minecraft:spruce_planks":51,"minecraft:diamond_pickaxe":14,"minecraft:redstone_torch":446,"minecraft:stone_pressure_plate":3,"minecraft:barrel":69,"minecraft:stone_bricks":2619,"minecraft:bamboo":2025,"minecraft:sandstone":4697,"minecraft:bow":36,"minecraft:magma_block":31,"minecraft:green_concrete_powder":59,"minecraft:terracotta":1163,"minecraft:daylight_detector":68,"minecraft:acacia_boat":2,"minecraft:soul_sand":27,"minecraft:oak_log":549,"minecraft:ender_pearl":4576,"minecraft:dark_oak_sapling":22,"minecraft:leather":92,"minecraft:red_wool":5,"minecraft:jungle_planks":6,"minecraft:iron_horse_armor":3,"minecraft:polished_blackstone_brick_wall":1,"minecraft:birch_slab":123,"minecraft:cod":6,"minecraft:cobblestone_stairs":37,"minecraft:cracked_polished_blackstone_bricks":13,"minecraft:redstone_lamp":71,"minecraft:dark_oak_log":492,"minecraft:packed_ice":31,"minecraft:ice":59,"minecraft:mutton":6,"minecraft:snowball":123,"minecraft:cauldron":114,"minecraft:gold_ingot":1512,"minecraft:chiseled_polished_blackstone":74,"minecraft:purpur_block":27,"minecraft:andesite_slab":1,"minecraft:smooth_sandstone_stairs":356,"minecraft:beetroot":312,"minecraft:yellow_stained_glass":3,"minecraft:cooked_mutton":1,"minecraft:zombified_piglin_spawn_egg":1,"minecraft:mycelium":1746,"minecraft:birch_fence_gate":4,"minecraft:mushroom_stem":2,"minecraft:leather_chestplate":3,"minecraft:trident":1,"minecraft:dropper":1737,"minecraft:stone_brick_wall":62,"minecraft:beetroot_seeds":140,"minecraft:acacia_slab":61,"minecraft:purple_concrete_powder":211,"minecraft:iron_ore":132,"minecraft:iron_bars":103,"minecraft:smooth_red_sandstone_stairs":137,"minecraft:scaffolding":822,"minecraft:white_concrete_powder":4053,"minecraft:light_gray_concrete_powder":64,"minecraft:polished_granite":133,"minecraft:splash_potion":3,"minecraft:bread":252,"minecraft:vine":128,"minecraft:golden_helmet":6,"minecraft:lilac":22,"minecraft:yellow_concrete":80,"minecraft:activator_rail":110,"minecraft:spruce_stairs":30,"minecraft:acacia_log":28,"minecraft:spruce_fence_gate":1,"minecraft:iron_block":592,"minecraft:green_dye":258,"minecraft:repeater":138,"minecraft:melon_slice":11,"minecraft:white_concrete":125,"minecraft:light_gray_shulker_box":1,"minecraft:iron_door":3,"minecraft:fire_charge":16,"minecraft:polished_blackstone_brick_slab":190,"minecraft:cactus":89,"minecraft:tripwire_hook":126,"minecraft:redstone_block":269,"minecraft:polished_diorite":625,"minecraft:kelp":346,"minecraft:oak_trapdoor":1,"minecraft:light_gray_terracotta":22,"minecraft:comparator":129,"minecraft:stripped_oak_log":1,"minecraft:shulker_box":59,"minecraft:flint_and_steel":11,"minecraft:copper_ore":3,"minecraft:oak_button":1,"minecraft:andesite":179,"minecraft:golden_leggings":6,"minecraft:oak_sapling":317,"minecraft:spruce_log":49,"minecraft:magma_cream":19,"minecraft:magenta_terracotta":1220,"minecraft:clay":8,"minecraft:repeating_command_block":1,"minecraft:piston":6,"minecraft:cooked_beef":67,"minecraft:sandstone_stairs":613,"minecraft:crossbow":11,"minecraft:cookie":290,"minecraft:saddle":16,"minecraft:purpur_stairs":56,"minecraft:elytra":3,"minecraft:dragon_breath":1,"minecraft:rail":753,"minecraft:cut_sandstone_slab":457,"minecraft:red_carpet":516,"minecraft:item_frame":87,"minecraft:dirt":8224,"minecraft:melon":40,"minecraft:grass":2,"minecraft:stone_button":2,"minecraft:yellow_dye":388,"minecraft:chain":1,"minecraft:jungle_sapling":29,"minecraft:bone_block":394,"minecraft:deepslate_coal_ore":1,"minecraft:bone_meal":6469,"minecraft:sunflower":19,"minecraft:sugar":5,"minecraft:iron_pickaxe":5,"minecraft:polished_blackstone_slab":103,"minecraft:cyan_carpet":1,"minecraft:bone":1789,"minecraft:emerald_block":1,"minecraft:sugar_cane":2107,"minecraft:polished_andesite_slab":2,"minecraft:detector_rail":1,"minecraft:golden_chestplate":6,"minecraft:nether_brick":44,"minecraft:birch_sapling":6,"minecraft:netherite_shovel":5,"minecraft:end_stone":235,"minecraft:blaze_powder":266,"minecraft:white_bed":2,"minecraft:red_stained_glass_pane":136,"minecraft:black_glazed_terracotta":232,"minecraft:yellow_stained_glass_pane":8,"minecraft:brick_stairs":6,"minecraft:deepslate_copper_ore":1,"minecraft:jungle_stairs":120,"minecraft:honey_block":3,"minecraft:hopper":659,"minecraft:ladder":8,"minecraft:spruce_slab":138,"minecraft:white_dye":37,"minecraft:end_stone_bricks":20,"minecraft:crying_obsidian":136,"minecraft:egg":6,"minecraft:enchanted_book":49,"minecraft:iron_ingot":1330,"minecraft:blue_stained_glass_pane":8,"minecraft:netherite_pickaxe":8,"minecraft:tnt":3,"minecraft:polished_blackstone":3,"minecraft:deepslate_diamond_ore":1,"minecraft:iron_helmet":3,"minecraft:oak_fence":1,"minecraft:purpur_slab":10,"minecraft:feather":175,"minecraft:yellow_terracotta":48,"minecraft:cobblestone":4819,"minecraft:purple_concrete":2990,"minecraft:apple":76,"minecraft:granite":566,"minecraft:purple_dye":126,"minecraft:chainmail_helmet":1,"minecraft:coal":1077,"minecraft:pufferfish":118,"minecraft:polished_blackstone_stairs":258,"minecraft:polished_andesite":26,"minecraft:end_rod":1,"minecraft:oxeye_daisy":43,"minecraft:dried_kelp_block":86,"minecraft:jungle_slab":130,"minecraft:golden_carrot":83,"minecraft:iron_trapdoor":1,"minecraft:rose_bush":19,"minecraft:diamond_helmet":5,"minecraft:brown_terracotta":245,"minecraft:dried_kelp":167,"minecraft:orange_concrete_powder":421,"minecraft:iron_shovel":15,"minecraft:paper":1313,"minecraft:string":240,"minecraft:beetroot_soup":4,"minecraft:spruce_sapling":75,"minecraft:purpur_pillar":2,"minecraft:furnace":66,"minecraft:redstone_ore":17,"minecraft:netherite_ingot":1,"minecraft:stone_sword":2,"minecraft:cobblestone_wall":795,"minecraft:deepslate":4,"minecraft:smooth_stone_slab":886,"minecraft:bowl":5,"minecraft:diamond_hoe":3,"minecraft:chicken":172,"minecraft:slime_block":30,"minecraft:stone_slab":20,"minecraft:magenta_concrete":2128,"minecraft:light_blue_concrete":65,"minecraft:diamond_ore":2,"minecraft:orange_wool":1,"minecraft:nether_bricks":67,"minecraft:spruce_fence":7,"minecraft:pumpkin_seeds":91,"minecraft:potato":520,"minecraft:cobblestone_slab":73,"minecraft:stone":5466,"minecraft:wooden_shovel":18,"minecraft:carved_pumpkin":1,"minecraft:spider_eye":50,"minecraft:light_gray_dye":1233,"minecraft:orange_stained_glass_pane":8,"minecraft:cyan_concrete_powder":267,"minecraft:pink_concrete_powder":760,"minecraft:black_wool":1,"minecraft:quartz_slab":51,"minecraft:gold_ore":36,"minecraft:brown_mushroom":89,"minecraft:birch_planks":123,"minecraft:diamond_axe":10,"minecraft:baked_potato":81,"minecraft:sandstone_slab":112,"minecraft:lantern":55,"minecraft:blue_concrete_powder":64,"minecraft:lime_stained_glass_pane":8,"minecraft:flint":158,"minecraft:spruce_leaves":2,"minecraft:cyan_terracotta":65,"minecraft:dispenser":65,"minecraft:polished_blackstone_brick_stairs":2,"minecraft:cornflower":111,"minecraft:cooked_cod":10,"minecraft:seagrass":1,"minecraft:cut_sandstone":1185,"minecraft:white_stained_glass_pane":59,"minecraft:pumpkin_pie":48,"minecraft:polished_blackstone_bricks":12,"minecraft:glistering_melon_slice":3,"minecraft:birch_log":286,"minecraft:honeycomb_block":30,"minecraft:gravel":6117,"minecraft:blackstone":225,"minecraft:diorite_stairs":75,"minecraft:diamond_shovel":4,"minecraft:prismarine":15,"minecraft:honey_bottle":111,"minecraft:carrot":784,"minecraft:chainmail_chestplate":1,"minecraft:chiseled_stone_bricks":7,"minecraft:sandstone_wall":13,"minecraft:poppy":142,"minecraft:oak_fence_gate":37,"minecraft:gunpowder":1013,"minecraft:melon_seeds":120,"minecraft:glowstone":22,"minecraft:chest":535,"minecraft:basalt":760,"minecraft:arrow":782,"minecraft:powered_rail":44,"minecraft:prismarine_bricks":3,"minecraft:quartz":1998,"minecraft:netherrack":5511,"minecraft:written_book":2,"minecraft:oak_leaves":2,"minecraft:firework_rocket":2810,"minecraft:water_bucket":10,"minecraft:stripped_spruce_log":253,"minecraft:purple_terracotta":65,"minecraft:oak_slab":170,"minecraft:red_concrete_powder":722,"minecraft:deepslate_iron_ore":1,"minecraft:mossy_cobblestone":85,"minecraft:minecart":24,"minecraft:cyan_dye":4,"minecraft:diamond_leggings":3,"minecraft:poisonous_potato":7,"minecraft:prismarine_shard":20,"minecraft:lead":6,"minecraft:spectral_arrow":41,"minecraft:observer":75,"minecraft:hopper_minecart":10,"minecraft:light_blue_concrete_powder":235,"minecraft:grass_block":3336,"minecraft:stick":3790,"minecraft:blue_dye":71,"minecraft:diorite":118,"minecraft:brewing_stand":4,"minecraft:torch":2032,"minecraft:brown_wool":3,"minecraft:map":4,"minecraft:iron_leggings":9,"minecraft:green_carpet":354,"minecraft:iron_axe":2,"minecraft:bucket":43,"minecraft:dandelion":190,"minecraft:redstone":944,"minecraft:red_concrete":180,"minecraft:anvil":9,"minecraft:ender_chest":4,"minecraft:nether_wart":135,"minecraft:blaze_rod":57,"minecraft:tuff":1,"minecraft:raw_iron":64,"minecraft:light_gray_wool":1,"minecraft:iron_hoe":3,"minecraft:cyan_stained_glass_pane":8,"minecraft:glass_pane":165,"minecraft:red_terracotta":1122,"minecraft:cut_red_sandstone":63,"minecraft:filled_map":75,"minecraft:snow":6,"minecraft:shield":2,"minecraft:black_concrete_powder":112,"minecraft:diamond_chestplate":3,"minecraft:orange_terracotta":176,"minecraft:dragon_egg":1,"minecraft:iron_chestplate":7,"minecraft:quartz_stairs":40,"minecraft:blue_ice":2,"minecraft:oak_boat":19,"minecraft:golden_sword":5200,"minecraft:slime_ball":200,"minecraft:diamond_boots":4,"minecraft:beacon":1,"minecraft:stone_pickaxe":2,"minecraft:nether_quartz_ore":36},"minecraft:broken":{"minecraft:wooden_shovel":6,"minecraft:shears":4,"minecraft:diamond_pickaxe":1,"minecraft:iron_hoe":1,"minecraft:iron_pickaxe":10,"minecraft:iron_shovel":12,"minecraft:golden_sword":1,"minecraft:wooden_axe":1},"minecraft:killed_by":{"minecraft:zombie":2,"minecraft:zombified_piglin":2,"minecraft:guardian":1,"minecraft:creeper":1,"minecraft:player":8,"minecraft:enderman":3,"minecraft:phantom":1},"minecraft:killed":{"minecraft:cod":8,"minecraft:guardian":62,"minecraft:skeleton_horse":1,"minecraft:elder_guardian":3,"minecraft:iron_golem":1,"minecraft:ender_dragon":1,"minecraft:pillager":96,"minecraft:zombie":1263,"minecraft:evoker":2,"minecraft:vindicator":16,"minecraft:husk":8,"minecraft:ravager":5,"minecraft:zombified_piglin":464,"minecraft:witch":21,"minecraft:spider":336,"minecraft:wither":1,"minecraft:axolotl":1,"minecraft:piglin_brute":5,"minecraft:piglin":10,"minecraft:zombie_villager":22,"minecraft:sheep":23,"minecraft:trader_llama":31,"minecraft:mooshroom":8,"minecraft:ghast":6,"minecraft:slime":204,"minecraft:drowned":18,"minecraft:squid":16,"minecraft:wither_skeleton":2,"minecraft:shulker":197,"minecraft:skeleton":855,"minecraft:chicken":27,"minecraft:magma_cube":1719,"minecraft:cow":93,"minecraft:horse":11,"minecraft:wandering_trader":14,"minecraft:enderman":13505,"minecraft:turtle":5,"minecraft:pig":13,"minecraft:creeper":341,"minecraft:blaze":58,"minecraft:phantom":9,"minecraft:llama":1,"minecraft:bat":8},"minecraft:mined":{"minecraft:blue_carpet":6,"minecraft:dragon_wall_head":4,"minecraft:cut_sandstone_slab":185,"minecraft:white_bed":60,"minecraft:red_shulker_box":141,"minecraft:cyan_shulker_box":44,"minecraft:granite":3919,"minecraft:acacia_log":505,"minecraft:oak_pressure_plate":3,"minecraft:green_concrete":133,"minecraft:oak_wall_sign":46,"minecraft:nether_wart":65,"minecraft:spawner":1,"minecraft:red_stained_glass_pane":20,"minecraft:polished_blackstone_bricks":143,"minecraft:magma_block":646,"minecraft:dark_oak_trapdoor":1,"minecraft:mossy_cobblestone_stairs":1,"minecraft:fire":18,"minecraft:barrel":69,"minecraft:deepslate_lapis_ore":14,"minecraft:spruce_pressure_plate":2,"minecraft:light_gray_concrete":509,"minecraft:green_carpet":10,"minecraft:spruce_wood":1,"minecraft:white_shulker_box":297,"minecraft:white_banner":5,"minecraft:player_head":7,"minecraft:tripwire":5,"minecraft:jungle_trapdoor":4,"minecraft:sandstone_slab":15,"minecraft:cut_sandstone":7,"minecraft:blue_concrete_powder":1,"minecraft:kelp_plant":101,"minecraft:smoker":5,"minecraft:torch":515,"minecraft:note_block":2,"minecraft:melon":17,"minecraft:white_stained_glass_pane":129,"minecraft:dead_bush":2,"minecraft:nether_brick_slab":7,"minecraft:spruce_wall_sign":25,"minecraft:lime_shulker_box":17,"minecraft:sugar_cane":248,"minecraft:bricks":124,"minecraft:amethyst_block":486,"minecraft:birch_sapling":2,"minecraft:chain":2,"minecraft:repeater":213,"minecraft:grass":458,"minecraft:birch_button":4,"minecraft:dark_oak_sapling":9,"minecraft:smooth_quartz":2,"minecraft:sandstone_wall":13,"minecraft:smooth_basalt":16,"minecraft:deepslate":3249,"minecraft:deepslate_tiles":4,"minecraft:dark_prismarine":39,"minecraft:mossy_cobblestone":54,"minecraft:orange_concrete_powder":1,"minecraft:dark_oak_log":2882,"minecraft:sea_lantern":56,"minecraft:end_stone":585,"minecraft:birch_fence_gate":24,"minecraft:dark_oak_fence":69,"minecraft:spruce_fence":36,"minecraft:redstone_wire":417,"minecraft:red_mushroom":6,"minecraft:cartography_table":24,"minecraft:white_concrete_powder":75,"minecraft:redstone_ore":869,"minecraft:light_blue_concrete_powder":244,"minecraft:pink_concrete":107,"minecraft:andesite":7604,"minecraft:cobblestone_slab":2,"minecraft:vine":99,"minecraft:rail":717,"minecraft:bone_block":118,"minecraft:ender_chest":293,"minecraft:oak_slab":214,"minecraft:redstone_block":228,"minecraft:glass_pane":57,"minecraft:soul_sand":1140,"minecraft:dandelion":23,"minecraft:cornflower":3,"minecraft:copper_ore":8,"minecraft:tall_grass":41,"minecraft:purpur_pillar":110,"minecraft:diorite":4312,"minecraft:warped_wart_block":1,"minecraft:purple_wool":4,"minecraft:red_terracotta":432,"minecraft:coarse_dirt":52,"minecraft:cobblestone_wall":75,"minecraft:dark_oak_wall_sign":5,"minecraft:purple_concrete":406,"minecraft:sunflower":1,"minecraft:gravel":4796,"minecraft:brown_terracotta":15,"minecraft:cobweb":16,"minecraft:oak_button":5,"minecraft:polished_blackstone":16,"minecraft:stone_bricks":12359,"minecraft:gold_ore":89,"minecraft:chipped_anvil":1,"minecraft:iron_trapdoor":3,"minecraft:fern":1,"minecraft:stone_pressure_plate":3,"minecraft:oak_sapling":30,"minecraft:farmland":816,"minecraft:andesite_stairs":2,"minecraft:brewing_stand":11,"minecraft:spruce_trapdoor":83,"minecraft:budding_amethyst":42,"minecraft:cracked_polished_blackstone_bricks":14,"minecraft:white_concrete":521,"minecraft:polished_blackstone_brick_slab":83,"minecraft:polished_diorite":313,"minecraft:frosted_ice":75,"minecraft:composter":28,"minecraft:mossy_cobblestone_slab":3,"minecraft:turtle_egg":5,"minecraft:pointed_dripstone":23,"minecraft:iron_bars":296,"minecraft:spruce_slab":804,"minecraft:brown_shulker_box":4,"minecraft:deepslate_redstone_ore":137,"minecraft:quartz_block":2,"minecraft:orange_terracotta":16,"minecraft:purpur_stairs":9,"minecraft:light_gray_terracotta":52,"minecraft:jungle_stairs":2,"minecraft:beacon":25,"minecraft:nether_quartz_ore":2365,"minecraft:oak_planks":52,"minecraft:wall_torch":248,"minecraft:cauldron":9,"minecraft:powered_rail":128,"minecraft:dark_oak_slab":172,"minecraft:tnt":4,"minecraft:smooth_stone_slab":615,"minecraft:oak_log":2842,"minecraft:beetroots":1037,"minecraft:dirt":25425,"minecraft:dispenser":9,"minecraft:ancient_debris":10,"minecraft:daylight_detector":3,"minecraft:quartz_stairs":16,"minecraft:dark_oak_leaves":70,"minecraft:lever":19,"minecraft:purple_terracotta":38,"minecraft:stone_button":4,"minecraft:brown_mushroom_block":454,"minecraft:birch_slab":1176,"minecraft:spruce_leaves":934,"minecraft:acacia_slab":374,"minecraft:crimson_stem":157,"minecraft:hay_block":12,"minecraft:polished_basalt":35,"minecraft:light_gray_shulker_box":22,"minecraft:orange_stained_glass_pane":8,"minecraft:peony":5,"minecraft:gold_block":41,"minecraft:nether_brick_fence":4,"minecraft:bookshelf":68,"minecraft:deepslate_iron_ore":14,"minecraft:shroomlight":22,"minecraft:stripped_oak_log":4,"minecraft:wet_sponge":432,"minecraft:scaffolding":571,"minecraft:acacia_leaves":25,"minecraft:magenta_stained_glass":5,"minecraft:stripped_dark_oak_log":12,"minecraft:basalt":899,"minecraft:polished_granite":105,"minecraft:oak_fence":23,"minecraft:honey_block":372,"minecraft:stone_slab":5,"minecraft:deepslate_coal_ore":34,"minecraft:quartz_bricks":2,"minecraft:red_concrete":336,"minecraft:polished_blackstone_brick_stairs":1,"minecraft:prismarine_bricks":902,"minecraft:sea_pickle":2,"minecraft:polished_blackstone_slab":206,"minecraft:ice":1051,"minecraft:white_wall_banner":1,"minecraft:bee_nest":10,"minecraft:black_wool":1,"minecraft:dead_brain_coral_wall_fan":1,"minecraft:cocoa":75,"minecraft:cyan_carpet":4,"minecraft:yellow_concrete":282,"minecraft:purple_shulker_box":165,"minecraft:cracked_stone_bricks":67,"minecraft:mossy_stone_bricks":5,"minecraft:jungle_wall_sign":1,"minecraft:dark_oak_planks":218,"minecraft:dark_prismarine_stairs":1,"minecraft:light_blue_concrete":622,"minecraft:chiseled_red_sandstone":20,"minecraft:jungle_leaves":921,"minecraft:obsidian":532,"minecraft:carved_pumpkin":6,"minecraft:chiseled_polished_blackstone":67,"minecraft:red_sand":94,"minecraft:smooth_red_sandstone_stairs":35,"minecraft:stone_brick_wall":3,"minecraft:yellow_carpet":12,"minecraft:jungle_log":2473,"minecraft:deepslate_bricks":5,"minecraft:purpur_slab":4,"minecraft:diorite_stairs":13,"minecraft:hopper":2373,"minecraft:crimson_fungus":4,"minecraft:oxeye_daisy":2,"minecraft:chiseled_stone_bricks":18,"minecraft:orange_concrete":85,"minecraft:weeping_vines_plant":7,"minecraft:tall_seagrass":25,"minecraft:sticky_piston":108,"minecraft:pumpkin":3,"minecraft:enchanting_table":4,"minecraft:lime_stained_glass_pane":8,"minecraft:oak_sign":44,"minecraft:polished_deepslate_slab":2,"minecraft:dirt_path":72,"minecraft:oak_stairs":79,"minecraft:small_amethyst_bud":2,"minecraft:quartz_slab":128,"minecraft:smooth_sandstone_stairs":87,"minecraft:iron_block":3082,"minecraft:piston_head":5,"minecraft:brown_mushroom":9,"minecraft:player_wall_head":4,"minecraft:amethyst_cluster":2,"minecraft:blast_furnace":4,"minecraft:polished_andesite_stairs":1,"minecraft:green_concrete_powder":175,"minecraft:dead_brain_coral_fan":5,"minecraft:glass":630,"minecraft:damaged_anvil":15,"minecraft:smooth_sandstone_slab":176,"minecraft:spruce_sign":9,"minecraft:cyan_wool":3,"minecraft:wheat":2682,"minecraft:lime_concrete":457,"minecraft:warped_fungus":2,"minecraft:stone_brick_stairs":260,"minecraft:oak_fence_gate":68,"minecraft:purple_concrete_powder":5,"minecraft:loom":3,"minecraft:blue_shulker_box":19,"minecraft:cut_red_sandstone":130,"minecraft:stonecutter":10,"minecraft:red_mushroom_block":302,"minecraft:yellow_stained_glass":147,"minecraft:piston":113,"minecraft:yellow_terracotta":801,"minecraft:light_gray_stained_glass_pane":36,"minecraft:blue_stained_glass_pane":8,"minecraft:stripped_birch_log":50,"minecraft:jack_o_lantern":1,"minecraft:shulker_box":1628,"minecraft:cobbled_deepslate_slab":1,"minecraft:nether_bricks":48,"minecraft:jungle_planks":121,"minecraft:crimson_roots":8,"minecraft:orange_shulker_box":29,"minecraft:magenta_concrete":207,"minecraft:yellow_concrete_powder":61,"minecraft:kelp":32,"minecraft:black_stained_glass_pane":16,"minecraft:jungle_sapling":9,"minecraft:snow":509,"minecraft:diamond_block":54,"minecraft:white_glazed_terracotta":4,"minecraft:potatoes":928,"minecraft:warped_stem":34,"minecraft:smooth_quartz_stairs":107,"minecraft:bamboo":624,"minecraft:warped_trapdoor":6,"minecraft:white_wool":9,"minecraft:smithing_table":5,"minecraft:gray_concrete":1,"minecraft:comparator":196,"minecraft:stone_brick_slab":116,"minecraft:pink_concrete_powder":1,"minecraft:observer":161,"minecraft:jungle_sign":9,"minecraft:smooth_sandstone":153,"minecraft:light_gray_concrete_powder":14,"minecraft:cyan_concrete_powder":121,"minecraft:sponge":456,"minecraft:dropper":261,"minecraft:dried_kelp_block":88,"minecraft:purple_stained_glass":2,"minecraft:white_carpet":17,"minecraft:spruce_log":7044,"minecraft:birch_leaves":126,"minecraft:jungle_fence":5,"minecraft:quartz_pillar":21,"minecraft:mycelium":9345,"minecraft:dripstone_block":148,"minecraft:spruce_fence_gate":5,"minecraft:large_amethyst_bud":2,"minecraft:spruce_planks":245,"minecraft:jungle_slab":698,"minecraft:cobblestone_stairs":17,"minecraft:grass_block":23180,"minecraft:blue_concrete":112,"minecraft:soul_soil":94,"minecraft:sandstone_stairs":46,"minecraft:smooth_stone":606,"minecraft:glowstone":182,"minecraft:iron_ore":647,"minecraft:target":1,"minecraft:black_carpet":38,"minecraft:anvil":15,"minecraft:azure_bluet":4,"minecraft:dark_oak_stairs":84,"minecraft:birch_wall_sign":3,"minecraft:end_stone_bricks":42,"minecraft:cyan_terracotta":1,"minecraft:blackstone":1829,"minecraft:polished_deepslate_stairs":16,"minecraft:chiseled_quartz_block":2,"minecraft:clay":142,"minecraft:calcite":628,"minecraft:poppy":6,"minecraft:chest":1586,"minecraft:mushroom_stem":91,"minecraft:cobblestone":459,"minecraft:honeycomb_block":137,"minecraft:slime_block":134,"minecraft:grindstone":6,"minecraft:prismarine":1731,"minecraft:iron_door":2,"minecraft:deepslate_copper_ore":19,"minecraft:seagrass":26,"minecraft:acacia_sapling":1,"minecraft:nether_wart_block":601,"minecraft:dark_oak_door":2,"minecraft:birch_log":800,"minecraft:lapis_block":1,"minecraft:activator_rail":14,"minecraft:purpur_block":349,"minecraft:yellow_stained_glass_pane":9,"minecraft:diorite_wall":1,"minecraft:sand":33944,"minecraft:netherrack":9533,"minecraft:oak_leaves":961,"minecraft:emerald_block":12,"minecraft:redstone_lamp":54,"minecraft:diamond_ore":341,"minecraft:red_carpet":232,"minecraft:tuff":270,"minecraft:deepslate_diamond_ore":9,"minecraft:brick_stairs":5,"minecraft:white_stained_glass":239,"minecraft:weeping_vines":3,"minecraft:polished_andesite_slab":1,"minecraft:sandstone":10088,"minecraft:deepslate_brick_slab":1,"minecraft:oak_trapdoor":63,"minecraft:red_concrete_powder":1,"minecraft:spruce_sapling":18,"minecraft:furnace":92,"minecraft:carrots":781,"minecraft:black_glazed_terracotta":90,"minecraft:stripped_spruce_log":63,"minecraft:polished_deepslate":18,"minecraft:bell":1,"minecraft:lantern":13,"minecraft:stripped_jungle_log":87,"minecraft:packed_ice":503,"minecraft:stone":67570,"minecraft:yellow_shulker_box":73,"minecraft:redstone_wall_torch":48,"minecraft:podzol":446,"minecraft:light_blue_shulker_box":7,"minecraft:red_wool":944,"minecraft:spruce_door":3,"minecraft:red_banner":1,"minecraft:crafting_table":59,"minecraft:cyan_stained_glass_pane":9,"minecraft:lime_concrete_powder":31,"minecraft:andesite_slab":19,"minecraft:lectern":1,"minecraft:andesite_wall":25,"minecraft:lapis_ore":89,"minecraft:lily_pad":2,"minecraft:spruce_stairs":788,"minecraft:cactus":13,"minecraft:green_shulker_box":17,"minecraft:polished_blackstone_stairs":16,"minecraft:redstone_torch":73,"minecraft:magenta_terracotta":1269,"minecraft:sweet_berry_bush":4,"minecraft:coal_ore":1970,"minecraft:end_rod":19,"minecraft:terracotta":1334,"minecraft:polished_andesite":464,"minecraft:birch_fence":93}},"DataVersion":2724}