{"stats":{"minecraft:mined":{"minecraft:diamond_ore":4,"minecraft:spruce_planks":18,"minecraft:white_bed":3,"minecraft:oak_sapling":3,"minecraft:granite":51,"minecraft:spruce_fence":1,"minecraft:grass_block":1701,"minecraft:spruce_leaves":49,"minecraft:sandstone":82,"minecraft:spawner":1,"minecraft:hay_block":41,"minecraft:redstone_ore":47,"minecraft:furnace":7,"minecraft:iron_ore":101,"minecraft:chiseled_sandstone":3,"minecraft:andesite":40,"minecraft:stripped_spruce_log":1,"minecraft:fletching_table":1,"minecraft:bookshelf":8,"minecraft:rail":2,"minecraft:bamboo":6,"minecraft:stone":1115,"minecraft:orange_glazed_terracotta":1,"minecraft:cut_sandstone":7,"minecraft:orange_terracotta":1,"minecraft:oak_fence":2,"minecraft:crafting_table":6,"minecraft:torch":2,"minecraft:blast_furnace":1,"minecraft:lectern":1,"minecraft:nether_quartz_ore":132,"minecraft:cobblestone":28,"minecraft:oak_planks":2,"minecraft:sugar_cane":10,"minecraft:lapis_ore":11,"minecraft:wall_torch":15,"minecraft:diorite":94,"minecraft:spruce_stairs":4,"minecraft:lime_bed":1,"minecraft:sweet_berry_bush":34,"minecraft:spruce_log":161,"minecraft:grass":5,"minecraft:coal_ore":140,"minecraft:oak_log":31,"minecraft:gravel":28,"minecraft:dirt":1167,"minecraft:sand":162,"minecraft:cobweb":6,"minecraft:gold_ore":14,"minecraft:netherrack":581,"minecraft:oak_leaves":2,"minecraft:fern":18,"minecraft:infested_stone":2},"minecraft:broken":{"minecraft:iron_shovel":12,"minecraft:stone_pickaxe":2,"minecraft:stone_axe":2,"minecraft:iron_sword":1,"minecraft:iron_pickaxe":8,"minecraft:fishing_rod":4,"minecraft:stone_shovel":1},"minecraft:picked_up":{"minecraft:fishing_rod":9,"minecraft:iron_chestplate":6,"minecraft:crafting_table":6,"minecraft:wheat":42,"minecraft:chainmail_boots":3,"minecraft:chicken":3,"minecraft:ladder":42,"minecraft:potion":1,"minecraft:shield":4,"minecraft:string":28,"minecraft:iron_axe":7,"minecraft:wooden_sword":1,"minecraft:iron_leggings":4,"minecraft:orange_glazed_terracotta":1,"minecraft:pufferfish":25,"minecraft:iron_shovel":5,"minecraft:glass_pane":16,"minecraft:spruce_planks":295,"minecraft:beef":46,"minecraft:oak_boat":6,"minecraft:rose_bush":1,"minecraft:iron_pickaxe":9,"minecraft:light_gray_wool":1,"minecraft:lectern":1,"minecraft:sugar_cane":27,"minecraft:iron_boots":3,"minecraft:furnace":8,"minecraft:stick":138,"minecraft:sandstone":127,"minecraft:oak_fence":5,"minecraft:torch":201,"minecraft:bowl":3,"minecraft:spruce_stairs":48,"minecraft:spruce_fence":1,"minecraft:porkchop":14,"minecraft:diorite":43,"minecraft:redstone":240,"minecraft:cactus":1,"minecraft:arrow":25,"minecraft:stone_shovel":2,"minecraft:rotten_flesh":82,"minecraft:tropical_fish":5,"minecraft:shears":4,"minecraft:hay_block":42,"minecraft:saddle":3,"minecraft:gold_ingot":1,"minecraft:blaze_rod":2,"minecraft:mutton":12,"minecraft:cobblestone":1377,"minecraft:cod":139,"minecraft:rail":2,"minecraft:white_wool":73,"minecraft:nautilus_shell":4,"minecraft:lime_bed":1,"minecraft:feather":4,"minecraft:cooked_beef":9,"minecraft:andesite":10,"minecraft:water_bucket":4,"minecraft:tripwire_hook":1,"minecraft:salmon":51,"minecraft:leather":11,"minecraft:cut_sandstone":9,"minecraft:potato":1,"minecraft:flint":2,"minecraft:oak_log":49,"minecraft:lily_pad":1,"minecraft:gunpowder":17,"minecraft:lapis_lazuli":96,"minecraft:dirt":2674,"minecraft:name_tag":2,"minecraft:orange_terracotta":3,"minecraft:cooked_mutton":11,"minecraft:leather_boots":2,"minecraft:glass":128,"minecraft:bone":41,"minecraft:apple":131,"minecraft:kelp":31,"minecraft:bow":2,"minecraft:wheat_seeds":161,"minecraft:rabbit_hide":1,"minecraft:iron_ingot":28,"minecraft:stone_pickaxe":3,"minecraft:cooked_chicken":2,"minecraft:iron_ore":137,"minecraft:fletching_table":1,"minecraft:rabbit":4,"minecraft:bamboo":84,"minecraft:oak_planks":63,"minecraft:iron_sword":12,"minecraft:book":24,"minecraft:sweet_berries":232,"minecraft:quartz":130,"minecraft:gravel":1,"minecraft:sand":169,"minecraft:stripped_spruce_log":1,"minecraft:spruce_sapling":85,"minecraft:blast_furnace":1,"minecraft:white_bed":3,"minecraft:spruce_log":305,"minecraft:gold_ore":26,"minecraft:chiseled_sandstone":4,"minecraft:spruce_door":2,"minecraft:pumpkin_seeds":2,"minecraft:slime_ball":13,"minecraft:diamond":9,"minecraft:stone_axe":3,"minecraft:iron_helmet":5,"minecraft:granite":34,"minecraft:bread":98,"minecraft:oak_sapling":17,"minecraft:netherrack":540,"minecraft:black_wool":3,"minecraft:coal":158,"minecraft:diamond_pickaxe":1},"minecraft:killed":{"minecraft:cave_spider":2,"minecraft:spider":9,"minecraft:skeleton":18,"minecraft:chicken":2,"minecraft:silverfish":3,"minecraft:drowned":2,"minecraft:husk":2,"minecraft:zombie_villager":1,"minecraft:bat":2,"minecraft:creeper":3,"minecraft:sheep":5,"minecraft:zombie":37,"minecraft:wither_skeleton":1,"minecraft:blaze":8,"minecraft:cow":16},"minecraft:custom":{"minecraft:interact_with_anvil":2,"minecraft:mob_kills":115,"minecraft:animals_bred":139,"minecraft:interact_with_crafting_table":122,"minecraft:leave_game":25,"minecraft:time_since_death":353549,"minecraft:damage_resisted":55,"minecraft:climb_one_cm":62954,"minecraft:sprint_one_cm":1563982,"minecraft:walk_one_cm":1400096,"minecraft:damage_blocked_by_shield":2055,"minecraft:drop":364,"minecraft:talked_to_villager":26,"minecraft:sneak_time":16670,"minecraft:deaths":14,"minecraft:walk_under_water_one_cm":57902,"minecraft:boat_one_cm":1478544,"minecraft:jump":12472,"minecraft:walk_on_water_one_cm":86604,"minecraft:enchant_item":2,"minecraft:interact_with_furnace":223,"minecraft:interact_with_cartography_table":1,"minecraft:play_one_minute":773817,"minecraft:interact_with_stonecutter":1,"minecraft:interact_with_grindstone":5,"minecraft:sleep_in_bed":20,"minecraft:time_since_rest":9788,"minecraft:open_enderchest":2,"minecraft:damage_taken":10263,"minecraft:damage_dealt":18739,"minecraft:player_kills":1,"minecraft:swim_one_cm":219104,"minecraft:fly_one_cm":2177072,"minecraft:open_chest":313,"minecraft:crouch_one_cm":35957,"minecraft:fall_one_cm":285262,"minecraft:fish_caught":215,"minecraft:inspect_dispenser":1,"minecraft:horse_one_cm":1716499},"minecraft:used":{"minecraft:trident":14,"minecraft:iron_bars":24,"minecraft:iron_shovel":2874,"minecraft:stone_shovel":132,"minecraft:chest":8,"minecraft:spruce_planks":153,"minecraft:iron_sword":424,"minecraft:cooked_chicken":2,"minecraft:netherrack":20,"minecraft:torch":85,"minecraft:dirt":384,"minecraft:spruce_stairs":18,"minecraft:granite":1,"minecraft:spruce_fence":1,"minecraft:glass":64,"minecraft:iron_axe":136,"minecraft:bamboo":28,"minecraft:oak_sapling":1,"minecraft:sweet_berries":36,"minecraft:furnace":12,"minecraft:cooked_beef":26,"minecraft:cooked_mutton":15,"minecraft:wheat_seeds":179,"minecraft:water_bucket":15,"minecraft:diorite":1,"minecraft:spruce_door":4,"minecraft:stone_pickaxe":326,"minecraft:wooden_pickaxe":25,"minecraft:sandstone":59,"minecraft:cut_sandstone":1,"minecraft:white_bed":5,"minecraft:sand":11,"minecraft:lime_bed":1,"minecraft:crafting_table":9,"minecraft:apple":53,"minecraft:bread":54,"minecraft:iron_pickaxe":2131,"minecraft:spruce_sapling":1,"minecraft:stone_axe":140,"minecraft:fishing_rod":348,"minecraft:cobblestone":410,"minecraft:wooden_sword":21,"minecraft:diamond_sword":7,"minecraft:bucket":17,"minecraft:oak_boat":7},"minecraft:killed_by":{"minecraft:player":7,"minecraft:creeper":1,"minecraft:spider":1,"minecraft:drowned":1,"minecraft:skeleton":1,"minecraft:zombie":1},"minecraft:crafted":{"minecraft:wooden_sword":1,"minecraft:oak_planks":140,"minecraft:fishing_rod":3,"minecraft:cooked_chicken":3,"minecraft:furnace":4,"minecraft:spruce_fence":12,"minecraft:cooked_mutton":9,"minecraft:glass_pane":16,"minecraft:glass":118,"minecraft:spruce_stairs":32,"minecraft:diamond_helmet":1,"minecraft:diamond_leggings":1,"minecraft:iron_boots":1,"minecraft:ladder":60,"minecraft:stone_pickaxe":2,"minecraft:chest":8,"minecraft:diamond_boots":1,"minecraft:oak_fence":9,"minecraft:wheat":351,"minecraft:cooked_beef":40,"minecraft:crafting_table":6,"minecraft:spruce_planks":540,"minecraft:wooden_pickaxe":1,"minecraft:iron_sword":2,"minecraft:spruce_door":3,"minecraft:bucket":2,"minecraft:oak_wood":3,"minecraft:stone_axe":1,"minecraft:bread":21,"minecraft:air":0,"minecraft:oak_boat":4,"minecraft:shield":1,"minecraft:stick":320,"minecraft:iron_ingot":81,"minecraft:iron_pickaxe":14,"minecraft:iron_shovel":12,"minecraft:gold_ingot":46,"minecraft:white_bed":22,"minecraft:torch":172,"minecraft:shears":1,"minecraft:lapis_lazuli":126,"minecraft:diamond_chestplate":1},"minecraft:dropped":{"minecraft:water_bucket":3,"minecraft:iron_ingot":42,"minecraft:bread":4,"minecraft:iron_sword":1,"minecraft:stripped_spruce_log":2,"minecraft:wheat_seeds":19,"minecraft:lapis_lazuli":46,"minecraft:cooked_beef":11,"minecraft:diamond":5,"minecraft:crafting_table":1,"minecraft:feather":4,"minecraft:cobblestone":114,"minecraft:apple":9,"minecraft:saddle":1,"minecraft:spruce_stairs":8,"minecraft:coal":27,"minecraft:flint":2,"minecraft:cod":10,"minecraft:stick":18,"minecraft:dirt":845,"minecraft:torch":73,"minecraft:rose_bush":1,"minecraft:sand":9,"minecraft:iron_axe":2,"minecraft:iron_pickaxe":9,"minecraft:string":3,"minecraft:fishing_rod":2,"minecraft:spruce_sapling":3,"minecraft:bone":17,"minecraft:gravel":1,"minecraft:sweet_berries":34,"minecraft:rotten_flesh":33,"minecraft:oak_planks":18,"minecraft:name_tag":1,"minecraft:cooked_mutton":8,"minecraft:glass_pane":16,"minecraft:shears":1,"minecraft:shield":1,"minecraft:spruce_planks":64,"minecraft:diamond_pickaxe":1,"minecraft:iron_chestplate":1,"minecraft:chainmail_boots":2,"minecraft:oak_sapling":6,"minecraft:ladder":102,"minecraft:sandstone":18,"minecraft:arrow":3,"minecraft:glass":32,"minecraft:wooden_pickaxe":1,"minecraft:black_wool":2}},"DataVersion":2230}